id,value
category,
category.stock,
category.stock.9.24%,80.558857
category.stock.21.49,76.157689
category.stock.28.50,344.776946
category.stock.18.上市,961.013788
category.stock.22.中信,241.676572
category.stock.46.中信集团,80.558857
category.stock.31.中国,2663.688602
category.stock.37.乐,508.512759
category.stock.33.亿澳元,80.558857
category.stock.24.亿美元,1410.829495
category.stock.43.使,62.054472
category.stock.26.公司,2323.701234
category.stock.40.共同,63.089027
category.stock.50.同意,213.060368
category.stock.41.安塞,80.558857
category.stock.1.成功,219.620381
category.stock.14.持有,76.157689
category.stock.9.接受,374.461397
category.stock.37.提出,141.017403
category.stock.6.收购,572.248854
category.stock.19.收购价,80.558857
category.stock.14.收购案,80.558857
category.stock.2.方面,140.665017
category.stock.10.更进一步,80.558857
category.stock.27.案,80.558857
category.stock.18.此番,80.558857
category.stock.6.澳,152.315379
category.stock.50.煤矿,241.676572
category.stock.25.皮博迪,80.558857
category.stock.21.米塔尔,80.558857
category.stock.35.约合,68.633843
category.stock.23.联合,138.292844
category.stock.28.股权,649.336503
category.stock.47.能源,281.664815
category.stock.3.表态,70.612874
category.stock.33.表示,1239.947433
category.stock.31.资源,70.612874
category.stock.4.钢铁,70.612874
category.stock.43.香港,219.200531
category.stock.6.麦克阿瑟,161.117715
category.stock.47.IBM,477.105542
category.stock.0.Sv9EEr,122.373395
category.stock.13.cn,1691.419941
category.stock.35.http,1688.434252
category.stock.12.一片,115.687776
category.stock.4.事情,139.722165
category.stock.5.交易员,122.373395
category.stock.42.仍然,90.287738
category.stock.42.利好,122.373395
category.stock.20.原因,263.229897
category.stock.1.发布,476.210869
category.stock.29.在于,101.716879
category.stock.15.太,124.70551
category.stock.42.太快,122.373395
category.stock.0.巨人,115.687776
category.stock.25.引发,329.529757
category.stock.21.惊诧,122.373395
category.stock.39.惩罚,110.944253
category.stock.25.投资者,1070.678777
category.stock.39.报告,283.026755
category.stock.21.此前,305.689963
category.stock.47.涨得,122.373395
category.stock.41.盖伊,122.373395
category.stock.33.股价,1823.14626
category.stock.41.蓝色,291.484658
category.stock.1.认为,679.844256
category.stock.36.该股,122.373395
category.stock.22.这家,228.543383
category.stock.39.117.12,89.612514
category.stock.0.120,78.548745
category.stock.37.24,151.74481
category.stock.38.3.7%,89.612514
category.stock.5.4.88,89.612514
category.stock.47.5,224.379584
category.stock.46.5.19,89.612514
category.stock.22.6%,172.000308
category.stock.42.H股,334.730865
category.stock.49.交易,782.937251
category.stock.40.亿港元,145.747355
category.stock.36.亿股,89.612514
category.stock.21.低,129.79934
category.stock.13.出售,152.6946
category.stock.33.售价,58.641986
category.stock.27.套现,89.612514
category.stock.25.完成,303.323612
category.stock.23.工行,254.150155
category.stock.44.已,602.37084
category.stock.41.拟,129.298299
category.stock.8.收市价,89.612514
category.stock.19.昨日,361.985046
category.stock.2.此项,89.612514
category.stock.17.每股,609.992371
category.stock.35.港元,157.09749
category.stock.36.股份,618.06128
category.stock.30.股票,1283.617559
category.stock.35.解禁,89.612514
category.stock.12.配,81.243096
category.stock.26.高盛,679.942325
category.stock.27.36%,110.705395
category.stock.12.下滑,369.913707
category.stock.7.下跌,1367.119732
category.stock.19.业绩,423.867181
category.stock.27.依旧,190.458493
category.stock.5.充满,171.620398
category.stock.33.公布,281.127607
category.stock.7.减少,286.538816
category.stock.19.刚,99.768478
category.stock.5.利润,537.029133
category.stock.12.十月份,110.705395
category.stock.51.受到,155.302579
category.stock.21.坏账,110.705395
category.stock.50.好转,117.103082
category.stock.23.巨大,91.708346
category.stock.51.市场,1889.068531
category.stock.13.影响,330.017215
category.stock.21.投行,228.688396
category.stock.9.挑战,349.297383
category.stock.30.控股,266.077359
category.stock.24.收入,741.071426
category.stock.8.整个,171.64413
category.stock.18.有所,165.309577
category.stock.17.未来,317.766595
category.stock.10.汇丰,194.67238
category.stock.18.环境,386.36649
category.stock.1.第三季度,337.459733
category.stock.9.行业,335.281364
category.stock.49.银行,474.223369
category.stock.50.面临,257.42791
category.stock.26.风险,318.027844
category.stock.39.2008,257.321258
category.stock.14.500,394.595858
category.stock.9.SwZd7t,104.996032
category.stock.42.上,318.739354
category.stock.47.不,368.827816
category.stock.6.以来,383.068326
category.stock.36.出炉,83.717375
category.stock.29.削减,244.071402
category.stock.39.努力,161.71218
category.stock.8.历史性,95.18986
category.stock.17.取得,73.146297
category.stock.30.回报,158.715886
category.stock.6.地说,99.259789
category.stock.39.增长,824.418287
category.stock.0.季度,302.388248
category.stock.22.完全,179.853432
category.stock.30.已经,325.410579
category.stock.8.年,1203.719685
category.stock.4.开支,104.996032
category.stock.23.开来,104.996032
category.stock.29.很,231.172424
category.stock.12.指数,608.227678
category.stock.6.措施,157.686858
category.stock.49.提高效率,104.996032
category.stock.6.收益,529.628453
category.stock.33.显著,185.063618
category.stock.47.标普,290.948879
category.stock.6.看,258.593307
category.stock.15.看到,132.475015
category.stock.26.确定,83.717375
category.stock.17.经济危机,99.259789
category.stock.2.表现,358.972847
category.stock.12.财报,554.852729
category.stock.48.阴云,99.259789
category.stock.37.陆续,87.272799
category.stock.2.驱散,104.996032
category.stock.25.25,165.386657
category.stock.38.CNBC,984.679738
category.stock.40.SUVebX,108.182647
category.stock.13.·,199.642127
category.stock.11.—,834.286542
category.stock.13.“,875.232972
category.stock.49.”,845.589646
category.stock.11.一个,546.828768
category.stock.29.一无所有,108.182647
category.stock.40.专访,266.167907
category.stock.4.世界,312.615839
category.stock.25.体系,151.658484
category.stock.11.几百年,108.182647
category.stock.6.到底,115.681838
category.stock.15.占,154.918341
category.stock.37.发展,254.547128
category.stock.19.国内,171.637433
category.stock.16.国家,71.365897
category.stock.0.好,322.145449
category.stock.14.工作,184.180011
category.stock.9.巴菲特,1537.337473
category.stock.15.年轻,83.333071
category.stock.24.时,429.147322
category.stock.1.曾经,83.333071
category.stock.44.沃伦,330.885434
category.stock.29.没有,246.006199
category.stock.22.生产总值,188.076138
category.stock.2.眼里,98.078859
category.stock.50.社会,133.926171
category.stock.40.聪明,108.182647
category.stock.18.股神,749.113799
category.stock.24.评价,171.139041
category.stock.33.详见,177.254364
category.stock.3.还,331.699985
category.stock.44.进步,86.258185
category.stock.40.连线,108.182647
category.stock.25.Jesper,105.675378
category.stock.49.Koll,105.675378
category.stock.40.SUceq5,105.675378
category.stock.49.商业,135.9116
category.stock.39.大通,200.541295
category.stock.1.总经理,274.740366
category.stock.11.投资,640.662537
category.stock.33.摩根,200.541295
category.stock.4.日本,469.165328
category.stock.41.时称,105.675378
category.stock.22.极具,87.837472
category.stock.35.目前,462.375568
category.stock.0.研究,425.438883
category.stock.41.英文,92.62845
category.stock.46.行,175.674944
category.stock.47.表明,161.685153
category.stock.49.视频,167.505437
category.stock.19.证券,709.511347
category.stock.7.象征意义,105.675378
category.stock.28.适合,84.259043
category.stock.13.采访,243.763432
category.stock.4.SUtSxj,94.038397
category.stock.21.一些,119.959712
category.stock.20.不会,171.804285
category.stock.37.不再,74.980431
category.stock.28.不同于,88.900802
category.stock.7.东风,88.900802
category.stock.44.净值,94.038397
category.stock.2.周期性,94.038397
category.stock.46.奢侈品,282.115192
category.stock.33.富裕,94.038397
category.stock.48.很大,133.180819
category.stock.44.必需,94.038397
category.stock.31.搭,88.900802
category.stock.13.支出,170.511241
category.stock.3.放缓,327.946391
category.stock.33.故事,66.197654
category.stock.17.消费品,94.038397
category.stock.15.消费者,76.472844
category.stock.6.相比,284.414544
category.stock.24.算不上,94.038397
category.stock.42.类产品,94.038397
category.stock.50.经济,813.861846
category.stock.51.结构性,94.038397
category.stock.39.膨胀,94.038397
category.stock.6.负担,88.900802
category.stock.5.财富,82.428198
category.stock.21.资产,411.791391
category.stock.18.非,193.652514
category.stock.10.12,269.387483
category.stock.46.ScxQBk,138.772123
category.stock.4.不禁,138.772123
category.stock.44.争相,131.190592
category.stock.18.可能,423.116979
category.stock.2.周一,415.337084
category.stock.47.圣诞老人,138.772123
category.stock.14.底,138.772123
category.stock.41.是否,176.392272
category.stock.14.普尔,138.772123
category.stock.37.月,580.389487
category.stock.0.标准,217.71747
category.stock.42.欧洲,343.137598
category.stock.51.结束,224.067132
category.stock.29.股市,1635.86903
category.stock.26.行情,197.432731
category.stock.11.见,112.850699
category.stock.36.负面新闻,138.772123
category.stock.50.逃命,138.772123
category.stock.0.问,210.23188
category.stock.1.hsk3v,110.937845
category.stock.24.sinaurl,209.985405
category.stock.41.低迷,191.981103
category.stock.8.债务,77.285707
category.stock.46.减缓,110.937845
category.stock.33.危机,409.772187
category.stock.9.受,183.598174
category.stock.2.大,581.338322
category.stock.40.恐,110.937845
category.stock.14.恐会,110.937845
category.stock.34.拖累,104.876984
category.stock.50.紧缩,180.409842
category.stock.9.经济学家,191.032328
category.stock.17.经济界,110.937845
category.stock.25.美国,696.483067
category.stock.32.讨论,97.241201
category.stock.36.迹象,97.241201
category.stock.32.部分,111.565886
category.stock.19.金融业,100.576734
category.stock.18.预计,320.291448
category.stock.50.IPO,765.969185
category.stock.36.bHEGF,128.624482
category.stock.35.上海,183.137544
category.stock.51.下半年,267.229815
category.stock.17.中国农行,128.624482
category.stock.28.亚历山大,128.624482
category.stock.26.全球,359.262078
category.stock.47.公开,167.865381
category.stock.36.农行,128.624482
category.stock.37.冠,116.611516
category.stock.20.募股,128.624482
category.stock.12.咨奔,128.624482
category.stock.39.咨询,209.765739
category.stock.10.商务,128.624482
category.stock.48.将会,189.648687
category.stock.14.强势,192.860798
category.stock.11.成为,332.990144
category.stock.29.最大,664.895178
category.stock.21.正式,159.297717
category.stock.44.负责人,214.512408
category.stock.42.非常,139.997838
category.stock.48.1,77.845532
category.stock.14.2,200.659123
category.stock.26.20%,352.632496
category.stock.0.50%,172.803124
category.stock.34.71,65.177023
category.stock.39.中,627.036458
category.stock.51.以下,202.025707
category.stock.51.决策,78.413079
category.stock.36.动用,78.413079
category.stock.39.后,644.017007
category.stock.26.否决权,78.413079
category.stock.51.和雅虎,78.413079
category.stock.20.回购,132.102355
category.stock.22.委任,78.413079
category.stock.11.成员,78.413079
category.stock.33.战略,130.73673
category.stock.14.投票权,78.413079
category.stock.17.放弃,133.611402
category.stock.5.新,291.059044
category.stock.24.权力,111.503697
category.stock.7.比例,268.449634
category.stock.18.相关,251.637525
category.stock.48.第二名,74.129141
category.stock.49.经营,126.234583
category.stock.44.维持,111.551986
category.stock.9.董事会,235.239236
category.stock.7.软银,148.258282
category.stock.46.达成协议,71.089639
category.stock.6.阿里巴巴,415.614717
category.stock.26.降,111.497009
category.stock.20.雅虎,505.553874
category.stock.11.雅虎将,78.413079
category.stock.20.集团,699.684655
category.stock.37.集团公司,78.413079
category.stock.34.10,311.030738
category.stock.47.4.36,182.336701
category.stock.4.70%,290.143161
category.stock.15.8.58,182.336701
category.stock.24.9.83,182.336701
category.stock.34.上升,421.825239
category.stock.19.之间,219.513909
category.stock.21.互联网,160.317027
category.stock.44.产业,160.317027
category.stock.18.亿到,174.860386
category.stock.9.今年,660.581267
category.stock.19.分析员,182.336701
category.stock.40.广告,160.317027
category.stock.24.指出,362.481914
category.stock.5.百度,860.9641
category.stock.49.盈利,483.062243
category.stock.42.看涨,364.673402
category.stock.27.第二季度,251.881796
category.stock.25.继续,481.90589
category.stock.19.达到,367.934294
category.stock.11.重要,145.727422
category.stock.27.销售额,182.336701
category.stock.24.预期,554.748764
category.stock.17.10%,349.956814
category.stock.4.11,358.933177
category.stock.9.Francis,82.068844
category.stock.37.zjURevb,82.068844
category.stock.22.一种,124.943165
category.stock.38.事件,56.606689
category.stock.13.二十年,71.936434
category.stock.42.出现,158.966369
category.stock.36.告诉,201.724031
category.stock.37.喜欢,57.173894
category.stock.10.喝,82.068844
category.stock.43.国宴,82.068844
category.stock.35.地位,190.190553
category.stock.31.塑化剂,82.068844
category.stock.5.大都,82.068844
category.stock.6.官员,69.920309
category.stock.15.已使,82.068844
category.stock.41.常常,82.068844
category.stock.44.常用,77.585181
category.stock.49.灵狮,82.068844
category.stock.12.现况,82.068844
category.stock.6.白酒,483.201165
category.stock.23.看出,74.403972
category.stock.9.礼品,77.585181
category.stock.27.级别,74.403972
category.stock.9.股指,298.697208
category.stock.35.腐败,164.137689
category.stock.2.茅台,528.713391
category.stock.32.表,139.840618
category.stock.12.视为,71.936434
category.stock.41.过去,256.443253
category.stock.39.酒,71.936434
category.stock.40.酒鬼,82.068844
category.stock.28.阴晴,164.137689
category.stock.15.2013,175.588304
category.stock.12.Autonomy,244.952621
category.stock.46.CEO,104.814993
category.stock.30.zjUplOc,81.650874
category.stock.39.•,763.771087
category.stock.44.下降,397.903134
category.stock.48.充满信心,81.650874
category.stock.39.十年,61.938374
category.stock.5.去年,346.808783
category.stock.46.受害者,81.650874
category.stock.22.已跌,240.709556
category.stock.42.惠普,326.603495
category.stock.3.惠特曼,81.650874
category.stock.40.执行官,146.389864
category.stock.19.最低水平,226.20414
category.stock.11.期望值,81.650874
category.stock.41.本周,129.346796
category.stock.4.梅格,81.650874
category.stock.0.独家,111.80748
category.stock.27.称,526.267588
category.stock.21.虚假,74.025038
category.stock.2.财年,81.650874
category.stock.24.账目,81.650874
category.stock.21.首席,235.314219
category.stock.9.iPhone5,379.203799
category.stock.26.疲软,545.638163
category.stock.33.销售,304.278441
category.stock.4.20,302.805438
category.stock.31.2020,114.565177
category.stock.10.9,142.212908
category.stock.31.AMC,86.859341
category.stock.8.zTS1YcA,86.859341
category.stock.18.万达,296.006702
category.stock.36.下,123.682794
category.stock.32.业务,198.497754
category.stock.23.主题公园,82.113959
category.stock.20.亿万富翁,82.113959
category.stock.51.占据,86.859341
category.stock.37.市场份额,76.135485
category.stock.9.房产,147.914498
category.stock.39.所有者,82.113959
category.stock.36.抢滩,86.859341
category.stock.2.正在,150.848137
category.stock.3.涉足,86.859341
category.stock.34.澳大利亚,157.511486
category.stock.13.王健林,78.747057
category.stock.7.电影,72.197565
category.stock.38.电影业,86.859341
category.stock.33.电影院,260.578024
category.stock.23.电视,78.747057
category.stock.18.目标,297.884157
category.stock.34.董事长,467.920257
category.stock.26.117.53,86.643592
category.stock.36.173,86.643592
category.stock.33.190,78.551458
category.stock.47.8.3%,86.643592
category.stock.43.zT6JDVD,86.643592
category.stock.35.上周五,163.04937
category.stock.31.中间价,81.909997
category.stock.37.令人,65.725729
category.stock.3.估算,81.909997
category.stock.10.估计,75.946372
category.stock.29.基础,72.018234
category.stock.0.大跌,230.336644
category.stock.33.失望,81.909997
category.stock.51.总价,86.643592
category.stock.11.成本,72.018234
category.stock.30.损失,407.834952
category.stock.28.数量,111.909845
category.stock.22.每季度,86.643592
category.stock.29.水平,64.791272
category.stock.29.第一季度,252.157561
category.stock.35.美元,520.051609
category.stock.26.账面,86.643592
category.stock.30.购买,193.395968
category.stock.35.跳水,86.643592
category.stock.23.达,173.898287
category.stock.40.阶段,155.818167
category.stock.33.首尾,86.643592
category.stock.34.高,104.856999
category.stock.21.Anthony,102.187306
category.stock.46.Asset,102.187306
category.stock.43.Cragg,102.187306
category.stock.36.Fargo,102.187306
category.stock.28.Management,102.187306
category.stock.47.Wells,102.187306
category.stock.3.zHOgD3b,102.187306
category.stock.14.克拉,87.060663
category.stock.16.利于,217.785631
category.stock.38.处理,89.571024
category.stock.43.大多数,92.643457
category.stock.47.安东尼,96.604512
category.stock.33.富国,102.187306
category.stock.6.带来,238.867645
category.stock.31.废物,102.187306
category.stock.32.恶化,92.643457
category.stock.47.意味着,81.477869
category.stock.34.所谓,134.220988
category.stock.24.技术,136.056532
category.stock.19.提供,113.434038
category.stock.45.机会,146.099686
category.stock.47.格,177.141369
category.stock.5.清洁,89.571024
category.stock.30.环保,92.643457
category.stock.49.管理,81.477869
category.stock.37.组合,89.571024
category.stock.50.经理,92.643457
category.stock.3.进入,248.205808
category.stock.13.都,357.411469
category.stock.20.问题,339.982849
category.stock.20.饮水,102.187306
category.stock.15.高效能,102.187306
category.stock.16.zHBOZ7I,98.650959
category.stock.6.两个,71.86812
category.stock.35.买入,244.234024
category.stock.14.会,390.191931
category.stock.36.债券,77.257713
category.stock.20.包括,56.407088
category.stock.49.回归,84.047797
category.stock.47.回答,86.471283
category.stock.14.基本概念,98.650959
category.stock.32.尾声,98.650959
category.stock.11.应对,81.998769
category.stock.21.归于,98.650959
category.stock.16.影子,86.471283
category.stock.38.抛售,98.650959
category.stock.16.新兴,195.914121
category.stock.35.最终,162.477163
category.stock.12.泡沫,89.43739
category.stock.13.流入,186.522733
category.stock.1.海外投资,98.650959
category.stock.26.经济体,188.815866
category.stock.25.美联储,766.481923
category.stock.51.背后,256.862578
category.stock.18.计划,223.823458
category.stock.17.许多,214.689563
category.stock.31.资金,276.74044
category.stock.47.里面,78.658204
category.stock.6.重创,93.261367
category.stock.30.需要,387.13757
category.stock.8.Bill,100.781619
category.stock.15.Blain,100.781619
category.stock.4.Mint,100.781619
category.stock.34.Partners,199.915691
category.stock.2.QE,273.208919
category.stock.34.zH1nidD,100.781619
category.stock.35.借此机会,100.781619
category.stock.42.全面,535.888284
category.stock.41.分析师,764.501213
category.stock.19.固定,95.275622
category.stock.1.央行,414.785121
category.stock.29.布雷,100.781619
category.stock.28.恩,95.275622
category.stock.6.支撑,95.275622
category.stock.14.放慢,100.781619
category.stock.5.政策,134.183506
category.stock.7.比尔,191.088142
category.stock.35.经纪人,100.781619
category.stock.37.缩减,240.879787
category.stock.8.节奏,91.369055
category.stock.30.误解,100.781619
category.stock.3.误读,91.369055
category.stock.35.资深,83.769775
category.stock.49.1.12%,85.335943
category.stock.40.1.35%,85.335943
category.stock.36.1.39%,85.335943
category.stock.47.16,149.958184
category.stock.5.30,297.845763
category.stock.50.Ben,85.335943
category.stock.7.Bernanke,85.335943
category.stock.45.zH1Tudv,85.335943
category.stock.35.主席,431.550365
category.stock.18.伯南克,77.365938
category.stock.42.全盘,85.335943
category.stock.35.公告,119.864108
category.stock.5.后半期,85.335943
category.stock.1.周三,70.931315
category.stock.43.均值,80.673789
category.stock.42.工业,280.300572
category.stock.15.恐慌,80.673789
category.stock.1.成份股,85.335943
category.stock.19.支,80.673789
category.stock.33.暗示,77.365938
category.stock.32.最好,290.190658
category.stock.39.标尺,85.335943
category.stock.44.波动性,144.310089
category.stock.6.纳斯达克,417.441008
category.stock.14.股票市场,85.335943
category.stock.24.致美股,85.335943
category.stock.4.衡量,80.673789
category.stock.50.道琼斯,139.459293
category.stock.6.高于,72.703784
category.stock.9.2014,444.673046
category.stock.27.z8QvK2h,83.547776
category.stock.29.人,297.49584
category.stock.25.作者,128.713671
category.stock.13.做出,177.369893
category.stock.11.增长势头,78.983315
category.stock.16.媒体,171.51566
category.stock.12.推特,302.979112
category.stock.15.推特营,83.547776
category.stock.24.收,78.983315
category.stock.39.有利,75.744778
category.stock.4.本文,83.547776
category.stock.20.此举,75.744778
category.stock.49.比较,64.356836
category.stock.31.消息,353.473252
category.stock.14.特别,57.077529
category.stock.23.申请,270.28463
category.stock.49.真正,61.641991
category.stock.42.社交,73.232774
category.stock.1.秘密,167.095553
category.stock.22.空前,83.547776
category.stock.48.路径,83.547776
category.stock.0.较强,83.547776
category.stock.6.近日,89.906722
category.stock.0.进行,176.730613
category.stock.46.选取,83.547776
category.stock.50.震惊,78.983315
category.stock.39.8kqFmAd,116.76005
category.stock.51.Jefferies,116.76005
category.stock.36.一年,197.12018
category.stock.51.万马奔腾,116.76005
category.stock.42.全部,322.106179
category.stock.35.十二生肖,116.76005
category.stock.1.另据,116.76005
category.stock.44.属于,89.940244
category.stock.33.属相,116.76005
category.stock.13.显示,153.032846
category.stock.7.杰富瑞,116.76005
category.stock.3.潜力,105.85517
category.stock.18.第二,87.312079
category.stock.30.规则,150.74999
category.stock.13.释放,166.967785
category.stock.35.马年,220.762208
category.stock.13.37%,197.56719
category.stock.7.40%,73.840535
category.stock.43.HSBC,73.840535
category.stock.3.zWwjQaG,73.840535
category.stock.40.东亚,69.806409
category.stock.1.亚洲,402.775341
category.stock.29.人群,64.724011
category.stock.28.保持,190.857406
category.stock.45.养老,295.36214
category.stock.30.养老金,64.724011
category.stock.32.制度,229.01684
category.stock.28.基金,235.347857
category.stock.49.存在,86.676757
category.stock.23.平均,167.332479
category.stock.14.推动,203.147061
category.stock.45.数据,274.942605
category.stock.38.机遇,114.869349
category.stock.27.比率,139.612818
category.stock.44.缺陷,69.806409
category.stock.14.补偿,133.888301
category.stock.10.要求,377.790579
category.stock.17.覆盖,69.806409
category.stock.4.远远不够,73.840535
category.stock.18.需求,55.217265
category.stock.9.08,84.106135
category.stock.18.1.15,92.770495
category.stock.41.1.7,87.702169
category.stock.29.2055.92,92.770495
category.stock.9.3,355.939614
category.stock.19.上证,92.770495
category.stock.38.上证指数,417.47517
category.stock.31.不够,155.647725
category.stock.26.今天,244.343661
category.stock.19.仍,579.488354
category.stock.2.出口,84.106135
category.stock.27.创下,113.815949
category.stock.12.力度,77.110921
category.stock.29.历史,102.747823
category.stock.8.喜报,92.770495
category.stock.23.回升,81.316834
category.stock.0.困难,87.702169
category.stock.7.地方,63.378236
category.stock.21.开盘,192.282287
category.stock.12.报收,92.770495
category.stock.50.政府,268.200768
category.stock.50.新低,175.404338
category.stock.18.最差,87.702169
category.stock.48.未,137.423817
category.stock.35.激励,87.702169
category.stock.17.点,574.957817
category.stock.34.百分点,185.54099
category.stock.20.系列,101.194797
category.stock.44.缺失,87.702169
category.stock.2.解决,79.037809
category.stock.11.订单,169.734629
category.stock.37.记者,97.482238
category.stock.17.证券交易,87.702169
category.stock.13.评论,248.755416
category.stock.45.财政,75.441775
category.stock.51.遗留,92.770495
category.stock.39.A股,777.804951
category.stock.0.B股,174.85
category.stock.9.zl3oHdQ,87.425
category.stock.10.三个,121.070233
category.stock.4.上市公司,680.179619
category.stock.15.主要,282.807733
category.stock.37.人民币,203.659759
category.stock.51.任何人,87.425
category.stock.46.企业,490.105902
category.stock.46.国际,244.934925
category.stock.47.基础知识,87.425
category.stock.4.指,74.4836
category.stock.32.本土,74.4836
category.stock.17.本地,79.259886
category.stock.11.法律,87.425
category.stock.36.深圳证券交易所,87.425
category.stock.29.监管,570.39464
category.stock.27.类别,72.667741
category.stock.8.自由,76.631306
category.stock.37.计价,174.85
category.stock.32.通常,72.667741
category.stock.24.面值,87.425
category.stock.32.2012,153.161691
category.stock.11.7.7,90.762449
category.stock.20.8.1,90.762449
category.stock.51.GDP,72.368391
category.stock.48.zjB5oY6,90.762449
category.stock.45.一次,113.487016
category.stock.7.乐观,77.327011
category.stock.45.事实证明,85.803829
category.stock.24.前景,228.773379
category.stock.42.加速,75.441831
category.stock.10.即将,208.889332
category.stock.20.反弹,198.852654
category.stock.35.坚信,90.762449
category.stock.8.失败,79.556706
category.stock.15.投资银行,90.762449
category.stock.31.曾,343.980672
category.stock.21.正确,75.441831
category.stock.39.现实,79.556706
category.stock.42.谈,72.368391
category.stock.17.这种,65.331997
category.stock.41.预测,346.625187
category.stock.25.一定,67.832964
category.stock.34.一直,115.416927
category.stock.1.不难,85.755344
category.stock.21.介入,240.727553
category.stock.43.价值,476.713479
category.stock.33.价格,148.544808
category.stock.28.倍,185.320984
category.stock.6.型,223.327408
category.stock.42.来说,65.295081
category.stock.32.程度,73.767108
category.stock.20.股值,90.711163
category.stock.15.苹果,640.372257
category.stock.11.苹果公司,265.277283
category.stock.0.跌,339.457401
category.stock.35.跌下去,90.711163
category.stock.19.跌至,82.239135
category.stock.47.长期,327.450496
category.stock.23.3%,94.637619
category.stock.43.zYC7Lpn,100.106746
category.stock.28.万科,205.088325
category.stock.21.中型,85.288085
category.stock.37.之后,155.14804
category.stock.30.今日,244.366443
category.stock.42.去除,100.106746
category.stock.44.呼吁,94.637619
category.stock.0.地产,81.407678
category.stock.11.宏源证券,100.106746
category.stock.38.引爆,94.637619
category.stock.48.形势,85.288085
category.stock.29.总理,85.288085
category.stock.10.房地产,139.610676
category.stock.43.承压,94.637619
category.stock.28.投机,100.106746
category.stock.15.担忧,200.105615
category.stock.30.收紧,161.141165
category.stock.49.暴跌,198.496327
category.stock.26.未见好转,100.106746
category.stock.4.板块,364.980325
category.stock.42.民生银行,100.106746
category.stock.44.流动性,200.105615
category.stock.10.温家宝,100.106746
category.stock.40.火花,100.106746
category.stock.42.试图,87.747334
category.stock.39.货币政策,87.747334
category.stock.13.输家,100.106746
category.stock.38.通货膨胀,87.747334
category.stock.40.金,79.818958
category.stock.36.随之,85.288085
category.stock.32.领跌,100.106746
category.stock.39.30%,300.480306
category.stock.4.Ryan,93.758733
category.stock.10.Tsai,93.758733
category.stock.50.zYKdg0y,93.758733
category.stock.12.上台,93.758733
category.stock.2.上涨,470.154607
category.stock.33.上证综指,93.758733
category.stock.1.关注,386.16972
category.stock.9.因素,74.757444
category.stock.51.多方,88.636417
category.stock.40.提早,93.758733
category.stock.43.新任,93.758733
category.stock.44.普遍,135.872719
category.stock.35.牛市,85.002076
category.stock.44.生机,93.758733
category.stock.21.看好,379.590737
category.stock.50.莱恩,93.758733
category.stock.30.蔡,93.758733
category.stock.7.蛇,177.272834
category.stock.11.货币,149.882343
category.stock.16.转好,93.758733
category.stock.35.重现,82.183062
category.stock.26.顾资,93.758733
category.stock.32.颁行,93.758733
category.stock.8.领导班子,93.758733
category.stock.30.10.3,91.002608
category.stock.5.21.7,91.002608
category.stock.14.Facebook,91.002608
category.stock.47.Facebook2012,91.002608
category.stock.11.zY6DPC4,91.002608
category.stock.41.一份,74.004114
category.stock.45.一笔,250.26417
category.stock.6.优惠,82.503361
category.stock.29.公民,86.030867
category.stock.34.团体,86.030867
category.stock.48.或州,91.002608
category.stock.4.所得税,172.061734
category.stock.29.推行,86.030867
category.stock.1.支付,134.867644
category.stock.18.最近,205.356493
category.stock.35.期权,91.002608
category.stock.27.正义,91.002608
category.stock.49.社会活动,91.002608
category.stock.19.税收,182.005215
category.stock.25.组织,72.559879
category.stock.17.缴,91.002608
category.stock.24.网,74.004114
category.stock.25.联邦,82.503361
category.stock.4.脸谱,91.002608
category.stock.26.获得,188.623451
category.stock.46.退税,91.002608
category.stock.29.选择,219.534076
category.stock.33.避税,91.002608
category.stock.7.金额,295.195152
category.stock.31.高额,86.030867
category.stock.26.Jerram,128.649654
category.stock.16.Richard,121.621144
category.stock.22.zTAVoz6,128.649654
category.stock.36.仍具,128.649654
category.stock.40.吸引力,112.766269
category.stock.37.尤其,116.634337
category.stock.2.座客,128.649654
category.stock.47.拉姆,121.621144
category.stock.47.新加坡,106.933712
category.stock.31.杰,112.766269
category.stock.23.现金流,128.649654
category.stock.15.理查德,128.649654
category.stock.48.节目,109.605827
category.stock.45.证券市场,283.318855
category.stock.14.Colin,94.485944
category.stock.26.Gillis,94.485944
category.stock.51.zT8yIlg,94.485944
category.stock.15.一度,273.154778
category.stock.40.以上,70.65571
category.stock.37.吉利,236.880983
category.stock.7.尚,89.323898
category.stock.23.彻底,94.485944
category.stock.47.斯,163.11746
category.stock.20.暴涨,89.323898
category.stock.25.最高,161.991278
category.stock.40.期待,65.824363
category.stock.50.波士顿咨询公司,94.485944
category.stock.41.科林,94.485944
category.stock.51.转型,317.275409
category.stock.28.ETF,93.202632
category.stock.41.Frankel,93.202632
category.stock.42.Grasso,93.202632
category.stock.21.Steve,93.202632
category.stock.21.Stuart,93.202632
category.stock.2.zQLkXCX,93.202632
category.stock.10.专家,60.517389
category.stock.40.之前,129.860667
category.stock.41.二季度,186.405264
category.stock.42.兰考,93.202632
category.stock.12.前,313.136685
category.stock.5.史蒂夫,88.110697
category.stock.7.地区,70.701258
category.stock.51.开放式,88.110697
category.stock.32.弗,93.202632
category.stock.6.拉索,93.202632
category.stock.14.提高,71.793969
category.stock.49.斯图尔特,93.202632
category.stock.36.热门,75.793193
category.stock.40.经纪,93.202632
category.stock.39.股,276.731384
category.stock.47.购进,93.202632
category.stock.23.金融,375.989124
category.stock.43.',86.346914
category.stock.41.39%,101.349544
category.stock.44.B,91.883938
category.stock.50.Buffett,101.349544
category.stock.24.Warren,101.349544
category.stock.17.s,88.836694
category.stock.14.zQ2szj0,101.349544
category.stock.32.伯克,362.685358
category.stock.27.促使,147.402472
category.stock.37.升值,320.631786
category.stock.26.哈撒韦,244.156489
category.stock.49.基金会,172.693828
category.stock.11.希尔,452.904281
category.stock.47.捐赠,177.673388
category.stock.38.最,81.876119
category.stock.32.梅林达,101.349544
category.stock.49.盖茨,202.699088
category.stock.4.级,75.788246
category.stock.27.超过,254.279386
category.stock.24.近年,91.883938
category.stock.28.2000,278.93719
category.stock.42.①,161.156582
category.stock.7.三年,161.156582
category.stock.30.人士,352.604161
category.stock.40.几个,156.63993
category.stock.26.半,166.684518
category.stock.19.大陆,152.821156
category.stock.10.巴克莱,166.684518
category.stock.47.惊险,166.684518
category.stock.12.接下来,156.63993
category.stock.41.收盘,332.950879
category.stock.37.星期,166.684518
category.stock.10.更,331.642251
category.stock.22.杆,106.180253
category.stock.49.棺材,173.811266
category.stock.12.熊市,271.402993
category.stock.32.破底,173.811266
category.stock.19.称其为,166.684518
category.stock.45.股民,461.62987
category.stock.29.观察,291.623051
category.stock.35.资本,346.391105
category.stock.31.遭受,233.965827
category.stock.30.里,260.28691
category.stock.5.重拾,173.811266
category.stock.15.钉,173.811266
category.stock.4.风向,166.684518
category.stock.5.4300,78.196286
category.stock.36.zThfU6f,78.196286
category.stock.13.万美元,56.286709
category.stock.39.份额,141.786187
category.stock.4.可追溯,73.924192
category.stock.44.年前,78.196286
category.stock.13.总,165.009548
category.stock.12.第一次,61.238798
category.stock.23.购得,78.196286
category.stock.16.贷款,213.569196
category.stock.26.这笔,78.196286
category.stock.45.钦佩,78.196286
category.stock.41.雪中送炭,78.196286
category.stock.37.青睐,70.893093
category.stock.24.高盛集团,234.588858
category.stock.23.zTdNkRE,101.328737
category.stock.22.一系列,63.907558
category.stock.17.不佳,91.865075
category.stock.24.人们,84.22454
category.stock.20.其实,76.865525
category.stock.42.刺激,88.818456
category.stock.20.各项,95.79285
category.stock.24.四月,95.79285
category.stock.18.复苏,91.865075
category.stock.14.多出,95.79285
category.stock.8.工业产值,95.79285
category.stock.27.工作日,101.328737
category.stock.3.当前,86.329187
category.stock.4.怀疑,91.865075
category.stock.48.排除,155.061581
category.stock.26.本周一,95.79285
category.stock.18.本季度,181.040361
category.stock.39.流动,101.328737
category.stock.37.环比,101.328737
category.stock.5.经济指标,101.328737
category.stock.51.误差,101.328737
category.stock.39.趋势,84.22454
category.stock.38.进一步,174.102952
category.stock.28.造成,142.049571
category.stock.25.野村,88.818456
category.stock.22.降息,101.328737
category.stock.15.额外,95.79285
category.stock.44.122,79.040893
category.stock.40.51,74.952697
category.stock.44.Chambers,90.173982
category.stock.34.Cisco,90.173982
category.stock.29.John,178.072295
category.stock.25.zHxiC6d,90.173982
category.stock.4.业界,85.247511
category.stock.38.信息,62.820401
category.stock.5.思科,270.521946
category.stock.9.科技,324.689505
category.stock.42.空间,56.872306
category.stock.0.第九个,90.173982
category.stock.13.系统,57.682618
category.stock.39.约翰,74.952697
category.stock.3.美分,180.347964
category.stock.40.获利,170.495023
category.stock.49.记录,73.330268
category.stock.25.访谈,81.752125
category.stock.15.较大,81.752125
category.stock.27.连续,281.012563
category.stock.12.通讯,81.752125
category.stock.18.钱伯斯,90.173982
category.stock.21.Kapstream,104.076872
category.stock.7.Maroutsos,110.091495
category.stock.29.Nick,110.091495
category.stock.37.zHxvhrd,110.091495
category.stock.6.万个,110.091495
category.stock.30.万至,110.091495
category.stock.38.出,64.580349
category.stock.13.创始人,283.330195
category.stock.27.创造,93.794806
category.stock.31.宽松,99.809429
category.stock.25.尼克,104.076872
category.stock.23.工作岗位,110.091495
category.stock.13.成熟,104.076872
category.stock.49.才,166.356665
category.stock.40.时机,99.809429
category.stock.40.时机未到,110.091495
category.stock.3.每月,104.076872
category.stock.2.特索,110.091495
category.stock.13.缩小,110.091495
category.stock.27.董事,194.847157
category.stock.48.规模,153.14587
category.stock.32.量化,99.809429
category.stock.45.马鲁,110.091495
category.stock.6.zHeLD0z,100.817902
category.stock.40.下午,76.478017
category.stock.5.亟待,100.817902
category.stock.43.利率,138.283067
category.stock.26.回应,377.783572
category.stock.29.处于,126.998228
category.stock.24.慌乱,100.817902
category.stock.31.改善,91.401949
category.stock.42.欧元,80.38599
category.stock.20.汇率,100.817902
category.stock.47.激增,95.309922
category.stock.13.现在,91.647307
category.stock.32.的确,100.817902
category.stock.4.美国市场,95.309922
category.stock.28.自我,100.817902
category.stock.28.英镑,95.309922
category.stock.13.证实,295.483141
category.stock.50.证明,154.927974
category.stock.8.走高,140.625826
category.stock.29.需,182.140045
category.stock.6.震荡,254.629339
category.stock.13.zHgJ6tP,128.1842
category.stock.6.主管,95.854952
category.stock.2.保持中立,128.1842
category.stock.35.决定,201.391578
category.stock.34.增速,157.786121
category.stock.47.孙瑜,128.1842
category.stock.37.拖延,128.1842
category.stock.49.汇丰银行,121.181119
category.stock.12.注入,121.181119
category.stock.30.短期,179.408861
category.stock.23.策略,109.209273
category.stock.33.走向,112.358281
category.stock.42.部,94.57498
category.stock.8.zHgVIsJ,137.139851
category.stock.41.不同,149.556789
category.stock.50.内,198.370623
category.stock.15.加入,129.647496
category.stock.47.协议,160.718017
category.stock.11.各方,187.528093
category.stock.20.和解,137.139851
category.stock.11.尝试,116.839232
category.stock.22.承认,109.346877
category.stock.5.条件,120.208246
category.stock.29.罚金,137.139851
category.stock.43.舞弊,137.139851
category.stock.10.观点,137.139851
category.stock.25.认罪,137.139851
category.stock.8.证交会,274.279701
category.stock.28.8ki3Ab9,134.56338
category.stock.44.专业,203.852542
category.stock.46.听听,134.56338
category.stock.35.大胆,121.995747
category.stock.36.行动计划,269.126761
category.stock.40.6,178.353802
category.stock.18.8kDiG3p,121.115751
category.stock.32.冲击,96.570246
category.stock.18.分流,114.49884
category.stock.2.周二,241.27414
category.stock.22.喷涌,121.115751
category.stock.2.家,606.762163
category.stock.2.开闸,121.115751
category.stock.1.效应,181.623547
category.stock.29.新股,121.115751
category.stock.13.短期内,189.389026
category.stock.7.许可,114.49884
category.stock.15.迎接,121.115751
category.stock.5.重启,114.49884
category.stock.9.4%,111.492885
category.stock.3.53%,111.492885
category.stock.10.Ghostine,111.492885
category.stock.5.Glibert,111.492885
category.stock.6.aN2KSc,111.492885
category.stock.13.亚吉,111.492885
category.stock.24.亚太,105.4017
category.stock.36.品牌,76.901815
category.stock.27.国际化,111.492885
category.stock.50.增持,180.291886
category.stock.31.外嫁,111.492885
category.stock.48.帝,101.079935
category.stock.0.总裁,262.07114
category.stock.32.欧,211.701189
category.stock.23.欧美,105.4017
category.stock.34.水井坊,222.98577
category.stock.38.洋酒,90.666986
category.stock.6.致力于,105.4017
category.stock.20.英国,71.319923
category.stock.20.获批,111.492885
category.stock.20.风靡,105.4017
category.stock.33.Ho,110.687239
category.stock.51.Simon,110.687239
category.stock.22.Triple,110.687239
category.stock.37.aO2rEP,110.687239
category.stock.19.不确定性,97.021535
category.stock.27.买进,184.149459
category.stock.22.应该,146.646636
category.stock.33.开征,110.687239
category.stock.24.总监,100.349533
category.stock.31.执行,138.357263
category.stock.14.期,97.021535
category.stock.25.期宜,110.687239
category.stock.23.段,104.640069
category.stock.33.矿业,209.280137
category.stock.24.碳税,110.687239
category.stock.14.考虑,88.255193
category.stock.41.通胀,97.021535
category.stock.0.Tang,118.838074
category.stock.3.ampvxj,118.838074
category.stock.21.一场,76.5804
category.stock.43.再次,85.541199
category.stock.34.或致,118.838074
category.stock.6.最低点,118.838074
category.stock.37.瑞银,118.838074
category.stock.49.策略师,191.854989
category.stock.19.金融危机,98.778317
category.stock.50.陷入,238.906306
category.stock.18.anaPNc,115.506256
category.stock.37.信号,158.351547
category.stock.13.几周,115.506256
category.stock.19.前方,98.408027
category.stock.18.剧烈,115.506256
category.stock.40.发出,101.245585
category.stock.12.安全带,115.506256
category.stock.12.常理,115.506256
category.stock.36.明确,101.245585
category.stock.8.有悖,115.506256
category.stock.50.正,78.910678
category.stock.49.正是,92.09758
category.stock.47.波动,263.591824
category.stock.44.特征,115.506256
category.stock.1.疯狂,93.930694
category.stock.2.美国股市,289.466713
category.stock.23.美股,644.815249
category.stock.21.行为,138.945334
category.stock.23.请系,115.506256
category.stock.14.跌宕起伏,115.506256
category.stock.28.近,236.786107
category.stock.22.道路,101.245585
category.stock.0.颠簸,115.506256
category.stock.48.Andrew,123.159095
category.stock.33.Citron,123.159095
category.stock.17.Left,123.159095
category.stock.23.Research,123.159095
category.stock.12.a3Xzeh,123.159095
category.stock.38.严格,107.953587
category.stock.11.信誉,116.43055
category.stock.37.加强,107.953587
category.stock.10.增长速度,123.159095
category.stock.20.很快,104.928027
category.stock.50.更为,111.656572
category.stock.24.机构,173.468475
category.stock.37.确实,116.43055
category.stock.37.美,163.391429
category.stock.20.25%,106.455238
category.stock.32.3.3%,106.455238
category.stock.25.ipad,106.455238
category.stock.37.一出,106.455238
category.stock.50.一项,83.369572
category.stock.26.下调,141.829605
category.stock.3.两周,100.639275
category.stock.27.供应商,96.512783
category.stock.29.发表,96.512783
category.stock.47.对此,127.683432
category.stock.14.拒绝,96.512783
category.stock.18.第四季度,106.455238
category.stock.21.统计,93.312027
category.stock.3.调查,215.929411
category.stock.43.量,106.455238
category.stock.29.23%,114.366352
category.stock.6.三季度,108.118181
category.stock.2.下挫,108.118181
category.stock.38.加工,108.118181
category.stock.46.同比,212.575773
category.stock.7.大幅,299.97736
category.stock.50.最低价,114.366352
category.stock.27.肉类,114.366352
category.stock.11.警告,194.873724
category.stock.8.超,157.453872
category.stock.19.近三年,114.366352
category.stock.26.雨润,228.732704
category.stock.21.食品,144.597187
category.stock.13.144,108.084233
category.stock.15.23,155.600887
category.stock.35.Sinohydro,108.084233
category.stock.7.三峡大坝,108.084233
category.stock.22.中将,102.179272
category.stock.15.亿,602.775347
category.stock.26.任务,94.739902
category.stock.17.合,102.179272
category.stock.16.建设,81.99008
category.stock.15.承担,97.989636
category.stock.47.氛围,94.739902
category.stock.30.水力,216.168465
category.stock.10.水电,108.084233
category.stock.28.筹资,108.084233
category.stock.31.降到,102.179272
category.stock.18.项目,73.162667
category.stock.43.1.97,74.890186
category.stock.48.中央,128.841706
category.stock.47.二级,74.890186
category.stock.8.亿元,288.760381
category.stock.15.入市,79.218105
category.stock.31.农,79.218105
category.stock.15.四大行,79.218105
category.stock.41.四行,79.218105
category.stock.13.大盘,149.780372
category.stock.7.宣布,86.939163
category.stock.10.尚待,287.697055
category.stock.1.工,79.218105
category.stock.12.建,74.890186
category.stock.8.护盘,79.218105
category.stock.48.提振,74.890186
category.stock.33.操作,132.235479
category.stock.7.日起,67.49156
category.stock.34.来看,53.148588
category.stock.47.此次,265.902386
category.stock.18.汇金,316.872419
category.stock.30.维稳,79.218105
category.stock.44.能否,126.879778
category.stock.0.自主,67.49156
category.stock.39.购入,71.819479
category.stock.36.21,100.886009
category.stock.50.5%,168.068961
category.stock.45.Daylight,144.814312
category.stock.50.中石化,144.814312
category.stock.47.中石化集团,144.814312
category.stock.41.加拿大,123.377653
category.stock.41.斥资,144.814312
category.stock.31.燃油,136.902679
category.stock.51.石化,144.814312
category.stock.40.跌幅,131.289286
category.stock.45.降低,123.377653
category.stock.36.2009,86.024198
category.stock.11.Sh0zCY,90.995553
category.stock.24.之梦,90.995553
category.stock.30.制造商,172.361081
category.stock.9.大部分,77.52561
category.stock.38.年伯克,90.995553
category.stock.51.开设,86.024198
category.stock.20.总部,86.024198
category.stock.28.拥有,69.027022
category.stock.16.比亚迪,302.542352
category.stock.46.汽车,221.092518
category.stock.42.注意力,90.995553
category.stock.3.洛杉矶,79.761031
category.stock.18.集中,79.761031
category.stock.10.飙升,82.496965
category.stock.36.13.29,63.880391
category.stock.29.2018,201.536894
category.stock.39.37.47%,67.572051
category.stock.51.58%,67.572051
category.stock.42.8780.08,67.572051
category.stock.3.一季度,230.277823
category.stock.33.万元,89.628427
category.stock.3.八成,135.144102
category.stock.22.净利,127.760782
category.stock.45.净利润,63.880391
category.stock.4.减近,135.144102
category.stock.12.实现,89.924315
category.stock.42.山西,479.723961
category.stock.13.归属于,67.572051
category.stock.13.深交所,243.716475
category.stock.25.股东,364.857796
category.stock.36.营业,61.261116
category.stock.39.不是,79.705334
category.stock.35.买壳,143.286083
category.stock.27.共商,143.286083
category.stock.42.内幕,135.457942
category.stock.45.卖壳,143.286083
category.stock.20.名人效应,71.643042
category.stock.36.大计,143.286083
category.stock.11.夫妇,137.945241
category.stock.37.失手,135.457942
category.stock.17.孔德永及,71.643042
category.stock.41.尘埃落定,71.643042
category.stock.45.当时,57.123752
category.stock.29.心态,64.951894
category.stock.30.或许,100.182571
category.stock.5.披露,108.542736
category.stock.14.文书,71.643042
category.stock.48.有人,151.297814
category.stock.9.杠杆,67.728971
category.stock.1.案情,71.643042
category.stock.10.此笔,71.643042
category.stock.7.水面,71.643042
category.stock.48.浮出,71.643042
category.stock.9.申辩,112.310552
category.stock.43.盖棺论定,71.643042
category.stock.46.空壳,71.643042
category.stock.44.空手道,143.286083
category.stock.6.细节,58.260746
category.stock.48.终于,56.106677
category.stock.21.自杀,67.728971
category.stock.15.舆论,71.643042
category.stock.45.赔钱,71.643042
category.stock.17.赵薇,583.076699
category.stock.12.这出,71.643042
category.stock.14.闯关,64.951894
category.stock.40.闹剧,71.643042
category.stock.14.顺利,59.549762
category.stock.16.14,208.820132
category.stock.46.17,120.861925
category.stock.18.2017,121.448939
category.stock.22.Q3,169.834711
category.stock.39.凤凰,116.026376
category.stock.11.凤凰网,319.210222
category.stock.35.北京,181.680208
category.stock.35.均,116.026376
category.stock.22.日,304.116988
category.stock.33.时间,203.589575
category.stock.33.超出,160.55614
category.stock.51.0.1%,158.829969
category.stock.51.8,92.955571
category.stock.36.两连跌,79.414984
category.stock.25.会议,132.019617
category.stock.2.小幅,207.342174
category.stock.5.录得,71.997971
category.stock.15.挥之不去,79.414984
category.stock.3.收涨,158.829969
category.stock.16.早报,264.531728
category.stock.33.早盘,79.414984
category.stock.18.最长,71.997971
category.stock.34.月份,63.320621
category.stock.18.止步,79.414984
category.stock.26.派息,329.56179
category.stock.2.疑虑,79.414984
category.stock.26.税改,79.414984
category.stock.19.连跌,79.414984
category.stock.37.通用电气,79.414984
category.stock.38.避免,79.414984
category.stock.0.4,65.120126
category.stock.21.Top100,174.432956
category.stock.6.一届,58.144319
category.stock.36.人工智能,58.144319
category.stock.45.体现,47.283467
category.stock.50.关键时刻,58.144319
category.stock.39.创新,46.360702
category.stock.4.升级,48.329612
category.stock.10.发挥作用,58.144319
category.stock.16.实力,48.329612
category.stock.50.带动,54.967723
category.stock.0.快速增长,58.144319
category.stock.46.成长,49.537297
category.stock.45.整体,95.845419
category.stock.13.早间,58.144319
category.stock.13.时代,103.451362
category.stock.11.春榜,174.432956
category.stock.34.独角兽,384.774062
category.stock.37.硬,164.903169
category.stock.33.超级,148.611891
category.stock.51.迎来,105.050237
category.stock.7.东星,106.578823
category.stock.23.举报,388.128014
category.stock.4.兰世立,373.985113
category.stock.51.实,206.257388
category.stock.3.尔,426.315293
category.stock.6.控人,57.383683
category.stock.9.控诉,57.383683
category.stock.9.收集,94.777909
category.stock.2.百亿,152.393289
category.stock.16.直奔,54.248644
category.stock.37.航空公司,54.248644
category.stock.45.证据,187.993387
category.stock.4.跌停,600.488543
category.stock.12.遭,238.31198
category.stock.5.骗取,158.909003
category.stock.7.高开,348.176163
category.stock.44.麦趣,426.315293
category.stock.10.麦趣尔实,57.383683
category.stock.25.snapchat,78.231462
category.stock.43.spotify,78.231462
category.stock.23.两家,70.924984
category.stock.37.之王,133.301937
category.stock.46.交易所,131.105119
category.stock.48.代名词,73.957446
category.stock.1.变,165.235829
category.stock.32.定义,78.231462
category.stock.31.对手,65.026063
category.stock.32.巨头,63.618507
category.stock.17.帮助,96.422156
category.stock.45.当今,73.957446
category.stock.50.挂牌,78.231462
category.stock.15.最受,78.231462
category.stock.5.王者,73.957446
category.stock.24.纽交所,156.462924
category.stock.9.纽约证券交易所,78.231462
category.stock.39.网络,61.266346
category.stock.42.融资,188.173172
category.stock.15.丈夫,47.157959
category.stock.40.下达,94.315919
category.stock.25.不能,33.559699
category.stock.36.中同,47.157959
category.stock.43.中国证监会,144.154892
category.stock.41.举行,159.437368
category.stock.11.事务所,166.73062
category.stock.14.事实,168.672552
category.stock.10.事项,47.157959
category.stock.14.作出,87.337558
category.stock.47.前述,47.157959
category.stock.50.北京市,47.157959
category.stock.17.发布公告,164.060704
category.stock.7.只能,36.93138
category.stock.12.合伙人,47.157959
category.stock.34.听证会,188.631837
category.stock.1.在此期间,47.157959
category.stock.0.处罚,80.354466
category.stock.17.复核,94.315919
category.stock.23.如经,47.157959
category.stock.30.律师,94.315919
category.stock.32.意见,83.963803
category.stock.40.成立,38.349264
category.stock.50.打算,44.581581
category.stock.49.提交,44.581581
category.stock.35.新进展,47.157959
category.stock.9.无法,78.395479
category.stock.33.日前,36.93138
category.stock.9.暂,80.354466
category.stock.7.有权,47.157959
category.stock.36.理由,80.354466
category.stock.3.申请人,47.157959
category.stock.46.程序,90.556989
category.stock.34.索赔,94.315919
category.stock.35.罚,44.581581
category.stock.5.老公,94.315919
category.stock.51.行政处罚,47.157959
category.stock.5.证券日报,115.517204
category.stock.12.证监会,586.851679
category.stock.15.赵铭,47.157959
category.stock.11.起诉,47.157959
category.stock.35.陈述,47.157959
category.stock.50.顺龙,47.157959
category.stock.19.黄有,47.157959
category.stock.3.龙,44.581581
category.stock.11.15,68.048374
category.stock.35.上述,96.395539
category.stock.22.公安机关,52.33018
category.stock.30.函,273.219854
category.stock.25.可行,55.354351
category.stock.42.合法权益,110.708702
category.stock.24.回复,52.33018
category.stock.30.坚决,50.184496
category.stock.23.声誉,55.354351
category.stock.45.媒体报道,48.520174
category.stock.20.实为,48.520174
category.stock.51.实控,110.708702
category.stock.11.广大,86.700638
category.stock.49.当事人,55.354351
category.stock.31.形象,50.184496
category.stock.28.恶意中伤,55.354351
category.stock.0.报案,150.553488
category.stock.37.报道,85.326151
category.stock.2.指控,52.33018
category.stock.34.损害,52.33018
category.stock.41.新疆,55.354351
category.stock.30.晚间,40.840733
category.stock.1.有限公司,199.419032
category.stock.17.极大,48.520174
category.stock.24.法律手段,55.354351
category.stock.22.猜想,52.33018
category.stock.36.维护,50.184496
category.stock.29.编造,55.354351
category.stock.30.诽谤,52.33018
category.stock.47.负面影响,55.354351
category.stock.33.运用,50.184496
category.stock.35.针对,87.186589
category.stock.7.问询,330.81607
category.stock.28.115,57.827773
category.stock.43.200,175.780055
category.stock.43.2016,38.147809
category.stock.34.45.12,57.827773
category.stock.6.9.89%,57.827773
category.stock.19.一句,115.655546
category.stock.31.中小,57.827773
category.stock.26.做,206.31718
category.stock.26.元,562.981472
category.stock.25.先,45.28736
category.stock.46.分红,231.311093
category.stock.18.反对,109.336943
category.stock.44.反正,50.688222
category.stock.49.多亿,57.827773
category.stock.11.小时,43.243071
category.stock.18.市值,799.393298
category.stock.17.怒,54.668471
category.stock.11.怼,57.827773
category.stock.6.成交,122.357869
category.stock.31.报,194.850354
category.stock.50.新能源,46.108308
category.stock.22.有没有,50.688222
category.stock.30.格力,115.655546
category.stock.50.格力电器,120.567002
category.stock.42.没,81.414891
category.stock.10.直接,39.886498
category.stock.25.知道,75.375982
category.stock.51.短短,50.688222
category.stock.26.芯片,52.426911
category.stock.41.董明珠,273.342357
category.stock.5.蒸发,242.928046
category.stock.47.逼近,57.827773
category.stock.43.京东,120.171424
category.stock.34.同股,79.688814
category.stock.6.小米,359.911842
category.stock.51.应,132.474831
category.stock.9.想要,69.850247
category.stock.51.支持,58.054025
category.stock.22.权,79.688814
category.stock.25.梁锦松,239.066441
category.stock.13.物流,69.850247
category.stock.24.论坛,102.104102
category.stock.7.问及,72.246226
category.stock.12.阿里,150.670357
category.stock.15.香港股市,79.688814
category.stock.32.0,61.237885
category.stock.51.00354,61.237885
category.stock.9.HK,61.237885
category.stock.4.一事,55.518533
category.stock.42.三大,158.128743
category.stock.48.业务收入,61.237885
category.stock.48.华为,322.063879
category.stock.31.合作,174.318397
category.stock.6.地域,57.892279
category.stock.1.无,87.159198
category.stock.33.软,122.47577
category.stock.26.软件,183.713654
category.stock.46.4.51%,66.037334
category.stock.47.7,37.39589
category.stock.34.700,408.528423
category.stock.45.719.11,66.037334
category.stock.9.8638.54,66.037334
category.stock.22.9033.44,66.037334
category.stock.1.人寿,66.037334
category.stock.14.再创新高,187.288559
category.stock.42.冲破,124.859039
category.stock.3.勿,119.739469
category.stock.40.大关,123.161245
category.stock.45.截至,142.325918
category.stock.34.排名第,57.884211
category.stock.26.提示,132.074668
category.stock.22.突破,94.909258
category.stock.46.股王,66.037334
category.stock.50.贵州,228.388478
category.stock.51.跟风,132.074668
category.stock.14.不及,65.898531
category.stock.31.两大,59.388217
category.stock.9.伊利,197.695592
category.stock.11.倒下,69.70682
category.stock.42.再度,52.877904
category.stock.35.医药行业,69.70682
category.stock.10.取决于,69.70682
category.stock.45.季该,139.41364
category.stock.44.持续,164.101238
category.stock.22.海信,209.120459
category.stock.40.电器,69.70682
category.stock.40.白马,65.898531
category.stock.8.研判,65.898531
category.stock.4.答案,127.847906
category.stock.48.给出,65.898531
category.stock.48.继,52.877904
category.stock.24.见光死,139.41364
category.stock.27.还要,61.100654
category.stock.18.防雷,139.41364
category.stock.3.19%,62.017906
category.stock.37.3.6%,65.601933
category.stock.47.净营收,65.601933
category.stock.31.强劲,65.601933
category.stock.47.批准,186.053717
category.stock.12.料,131.203866
category.stock.47.沃尔沃,272.641936
category.stock.2.18.65,63.05458
category.stock.12.451,59.609722
category.stock.14.6346.59,63.05458
category.stock.18.万股,63.05458
category.stock.39.不到,101.973098
category.stock.37.两三百,63.05458
category.stock.41.减持,219.053823
category.stock.23.到手,63.05458
category.stock.22.十分之一,59.609722
category.stock.16.只,87.819772
category.stock.28.大宗,63.05458
category.stock.0.姚,228.662227
category.stock.10.完毕,63.05458
category.stock.47.宝万之争,126.109159
category.stock.36.开溜,63.05458
category.stock.22.总共,57.165557
category.stock.1.总计,123.231092
category.stock.14.投,57.165557
category.stock.14.振华,228.662227
category.stock.30.捧,119.219444
category.stock.24.撤离,184.259976
category.stock.21.次,152.959059
category.stock.34.涉及,55.269715
category.stock.47.胜利,104.82205
category.stock.30.逃亡,126.109159
category.stock.11.钞票,126.109159
category.stock.42.万,74.889525
category.stock.2.专题,52.726241
category.stock.51.个体,61.295028
category.stock.15.个别,58.78176
category.stock.43.做过,64.83728
category.stock.11.健全,64.83728
category.stock.35.原,165.718526
category.stock.4.商家,61.295028
category.stock.10.少,53.892807
category.stock.28.提问,64.83728
category.stock.41.晋浙,129.674559
category.stock.0.浙江,185.518458
category.stock.33.系统性,140.804418
category.stock.32.肖钢,259.349119
category.stock.48.调研,176.345281
category.stock.26.赴,122.590056
category.stock.50.道,50.776799
category.stock.25.金融风险,64.83728
category.stock.50.钱,49.183989
category.stock.16.防范,61.295028
category.stock.48.300,187.433304
category.stock.24.400,52.241686
category.stock.30.600,212.737952
category.stock.38.719.86,64.241424
category.stock.28.9000,64.241424
category.stock.47.…,139.007255
category.stock.20.万亿,168.930084
category.stock.18.卖出,112.532492
category.stock.28.幕后,64.241424
category.stock.21.情况,193.195223
category.stock.48.推手,182.195176
category.stock.19.摸,64.241424
category.stock.19.新高,58.241555
category.stock.21.直逼,110.706009
category.stock.4.私募,60.731725
category.stock.42.调整,142.990529
category.stock.7.贵不贵,60.731725
category.stock.21.还会涨,64.241424
category.stock.39.逆势,64.241424
category.stock.31.飙涨,64.241424
category.stock.35.0.63,67.298062
category.stock.37.46%,134.596123
category.stock.40.46.5%,67.298062
category.stock.51.一股,63.62137
category.stock.31.亦,45.151257
category.stock.42.公司股票,67.298062
category.stock.5.创纪录,61.012716
category.stock.22.周四,55.938211
category.stock.28.四季度,134.596123
category.stock.26.拆七,67.298062
category.stock.42.累计,183.038148
category.stock.19.股息,67.298062
category.stock.11.迄今为止,61.012716
category.stock.12.一家,51.984742
category.stock.0.光标,199.139132
category.stock.28.公关,66.379711
category.stock.13.员工,55.174877
category.stock.11.套牢,132.759421
category.stock.46.就要,56.553616
category.stock.19.成,50.35404
category.stock.2.担心,52.927096
category.stock.2.散户,372.382258
category.stock.34.是不是,55.174877
category.stock.39.杀手,188.259574
category.stock.30.格外,66.379711
category.stock.9.痛,66.379711
category.stock.28.良心,60.180135
category.stock.6.讲,58.184317
category.stock.22.诚信,66.379711
category.stock.41.身,120.36027
category.stock.23.频繁,62.753191
category.stock.12.0.06%,62.18273
category.stock.34.0.07%,62.18273
category.stock.43.0.08%,62.18273
category.stock.0.1.43,62.18273
category.stock.49.17.80,62.18273
category.stock.3.23376.04,62.18273
category.stock.20.2580.28,62.18273
category.stock.40.4.46,62.18273
category.stock.18.6787.25,62.18273
category.stock.22.全线,124.365459
category.stock.46.涨幅,314.402709
category.stock.49.综合,48.697909
category.stock.8.转涨,124.365459
category.stock.23.63,47.564269
category.stock.33.一个多月,52.464197
category.stock.39.严把,157.39259
category.stock.6.亮相,62.932074
category.stock.6.从严,52.464197
category.stock.45.仪式,104.928394
category.stock.51.余,49.597923
category.stock.1.依法,47.564269
category.stock.50.关进,52.464197
category.stock.5.分离,52.464197
category.stock.21.切实,47.564269
category.stock.15.刘士,52.464197
category.stock.43.刘士余,104.928394
category.stock.18.创业,47.564269
category.stock.40.原则,49.597923
category.stock.4.发审委,314.785181
category.stock.15.发行,49.597923
category.stock.38.名,35.842088
category.stock.21.坚持,149.09387
category.stock.31.委员,47.564269
category.stock.24.审核,52.464197
category.stock.3.履职,49.597923
category.stock.45.干事,52.464197
category.stock.50.强化,52.464197
category.stock.2.忠诚可靠,52.464197
category.stock.36.打造,37.764415
category.stock.47.提升,38.220644
category.stock.44.新一届,104.928394
category.stock.41.监察,52.464197
category.stock.38.相,47.564269
category.stock.48.第十七届,52.464197
category.stock.17.笼子,52.464197
category.stock.29.质量,47.564269
category.stock.31.质量关,157.39259
category.stock.6.运行,142.692808
category.stock.22.选聘,52.464197
category.stock.5.队伍,52.464197
category.stock.20.集体,285.401629
category.stock.13.13.33%,52.188186
category.stock.24.3.24%,52.188186
category.stock.50.31.41%,156.564558
category.stock.34.兼,116.117262
category.stock.27.品牌战略,52.188186
category.stock.44.官黎万强,52.188186
category.stock.13.招股书,104.376372
category.stock.23.持股,444.286434
category.stock.50.林斌,52.188186
category.stock.2.港交所,52.188186
category.stock.40.表决权,104.376372
category.stock.7.递交,52.188186
category.stock.32.雷军,133.388527
category.stock.46.高管,91.489822
category.stock.30.中介机构,129.208056
category.stock.19.中兴,58.570293
category.stock.26.中联,64.604028
category.stock.4.会计师,129.208056
category.stock.2.估价,45.006895
category.stock.39.全,49.00705
category.stock.24.土地,61.07452
category.stock.18.天,186.995096
category.stock.32.天圆,64.604028
category.stock.20.审计,61.07452
category.stock.29.对象,58.570293
category.stock.41.抽,61.07452
category.stock.17.抽查,64.604028
category.stock.6.普华永道,193.812085
category.stock.26.有限责任,64.604028
category.stock.16.检查,183.223559
category.stock.43.福建,61.07452
category.stock.18.评估,258.416113
category.stock.43.资格,47.064621
category.stock.8.通报,58.570293
category.stock.7.随机,64.604028
category.stock.47.合适,52.456347
category.stock.44.安邦,262.281736
category.stock.29.寻找,52.456347
category.stock.31.建议,45.979965
category.stock.50.当局,247.952512
category.stock.25.彭博社,49.590502
category.stock.40.招商银行,157.369042
category.stock.32.接盘,342.461414
category.stock.15.方,43.601764
category.stock.50.方式,39.792114
category.stock.51.民生,157.369042
category.stock.3.知情,137.939894
category.stock.17.转让,210.698523
category.stock.13.退出,41.825463
category.stock.20.33,50.181811
category.stock.47.两次,250.766895
category.stock.8.两融,55.351389
category.stock.49.交易规则,55.351389
category.stock.11.亿两,55.351389
category.stock.24.价,105.931051
category.stock.3.众多,45.012232
category.stock.49.估值,100.363621
category.stock.28.停牌,404.556038
category.stock.13.公允,55.351389
category.stock.29.准爆仓,166.054167
category.stock.19.利息,55.351389
category.stock.12.券商,52.327379
category.stock.26.外,42.637164
category.stock.35.客,110.702778
category.stock.19.客都,55.351389
category.stock.43.幅度,55.351389
category.stock.10.持仓,55.351389
category.stock.48.无限期,55.351389
category.stock.51.沉重,52.327379
category.stock.42.状态,135.036696
category.stock.47.腰斩,166.054167
category.stock.27.融盘,55.351389
category.stock.34.视网,465.636038
category.stock.27.资不抵债,55.351389
category.stock.45.近期,43.347999
category.stock.51.高者,55.351389
category.stock.29.下发,61.819796
category.stock.37.似乎,99.10071
category.stock.39.四川,116.884797
category.stock.26.围绕,58.442398
category.stock.21.复牌,253.029805
category.stock.34.尚无,61.819796
category.stock.21.层,58.442398
category.stock.2.推进,58.442398
category.stock.40.敦促,61.819796
category.stock.34.时至今日,61.819796
category.stock.3.沙钢,309.09898
category.stock.37.深,58.442398
category.stock.40.牵出,123.639592
category.stock.19.盘古,116.884797
category.stock.25.真相,56.046096
category.stock.39.系,159.984144
category.stock.34.资产重组,61.819796
category.stock.5.越来越,46.228268
category.stock.34.迷雾,61.819796
category.stock.21.重大,61.819796
category.stock.37.重组,112.092193
category.stock.50.金顶,123.639592
category.stock.18.隐情,123.639592
category.stock.28.今晚,269.917615
category.stock.50.圣经,299.506788
category.stock.43.聆听,316.815345
category.stock.21.53,76.963656
category.stock.30.中国崛起,153.927312
category.stock.48.五月,72.758904
category.stock.50.六大,218.276713
category.stock.30.分享,106.170808
category.stock.27.星期六,76.963656
category.stock.50.最新,97.761305
category.stock.11.每年,67.461544
category.stock.36.看点,196.712503
category.stock.51.第一个,67.461544
category.stock.31.股东大会,337.011026
category.stock.31.逻辑,153.927312
category.stock.49.一位,48.353282
category.stock.39.入股,141.871246
category.stock.34.华润集团,225.10502
category.stock.27.向央企,75.035007
category.stock.25.国资,290.887298
category.stock.27.官方,49.102537
category.stock.26.山西汾酒,225.10502
category.stock.45.左右,62.369167
category.stock.28.当然,58.763068
category.stock.21.改革,70.935623
category.stock.38.汾酒,75.035007
category.stock.43.说法,141.871246
category.stock.11.一文,194.587406
category.stock.38.孙宏斌,186.608778
category.stock.29.愿赌服输,205.832651
category.stock.15.未定,205.832651
category.stock.27.说明会,205.832651
category.stock.4.读懂,205.832651
category.stock.29.买家,68.394312
category.stock.47.全球股市,168.208507
category.stock.47.历史学家,76.249283
category.stock.33.国债,73.720547
category.stock.43.基于,67.059556
category.stock.28.宏观经济,79.50939
category.stock.5.数月,84.104253
category.stock.33.新一轮,84.104253
category.stock.28.海外,50.442544
category.stock.26.理论,84.104253
category.stock.6.简单,155.36341
category.stock.39.触发,84.104253
category.stock.21.遭殃,159.01878
category.stock.20.银行业,79.50939
category.stock.28.隐患,159.01878
category.stock.5.100,44.678498
category.stock.43.13,108.820891
category.stock.32.420,152.914696
category.stock.3.550,44.678498
category.stock.39.具体,42.367612
category.stock.39.分别,35.157453
category.stock.42.制定,144.560516
category.stock.2.境内外,50.971565
category.stock.46.安徽,44.678498
category.stock.10.据统计,48.186839
category.stock.20.数,46.211043
category.stock.27.最强,43.426316
category.stock.13.江苏,48.186839
category.stock.0.江西,48.186839
category.stock.9.甘肃,48.186839
category.stock.27.省份,82.901042
category.stock.7.省市,138.63313
category.stock.11.至少,39.917975
category.stock.49.10880,70.070285
category.stock.44.87,66.242138
category.stock.19.Are,140.140569
category.stock.50.OK,140.140569
category.stock.0.you,132.484277
category.stock.14.一碗,70.070285
category.stock.11.世纪,53.15362
category.stock.38.买,49.865127
category.stock.25.信,66.242138
category.stock.50.半个,63.526025
category.stock.14.呐喊,70.070285
category.stock.4.大家,75.522772
category.stock.16.大爷,140.140569
category.stock.9.如火如荼,66.242138
category.stock.21.岁,41.786467
category.stock.48.巴,140.140569
category.stock.6.杠杠,70.070285
category.stock.29.理念,63.526025
category.stock.37.鸡汤,70.070285
category.stock.23.黄金时代,70.070285
category.stock.50.龙马,70.070285
category.stock.43.*,300.70852
category.stock.32.360,46.335804
category.stock.47.BAT,49.974283
category.stock.19.上面,49.974283
category.stock.7.不断,39.002089
category.stock.38.产品,145.846342
category.stock.20.做好,47.925198
category.stock.5.冬季,45.037174
category.stock.31.只差,52.862307
category.stock.18.屡屡,49.974283
category.stock.1.希望,37.212041
category.stock.9.张亚勤,211.449228
category.stock.14.愿,52.862307
category.stock.23.愿意,49.974283
category.stock.43.放到,52.862307
category.stock.19.放在,90.074348
category.stock.12.涨停,52.862307
category.stock.37.热点,47.925198
category.stock.26.目光,46.335804
category.stock.47.眼中,52.862307
category.stock.51.精力,105.724614
category.stock.17.财经,85.976178
category.stock.0.距离,45.037174
category.stock.35.达沃斯,84.298301
category.stock.18.│,111.430117
category.stock.26.一大批,61.454656
category.stock.39.交易日,116.230057
category.stock.43.入围,111.430117
category.stock.39.启动,99.950923
category.stock.3.国企,55.715058
category.stock.4.壳,61.454656
category.stock.15.多家,151.842835
category.stock.26.多年,49.975461
category.stock.39.当地,43.733863
category.stock.17.挖掘,61.454656
category.stock.14.旗下,92.665526
category.stock.32.最早,53.867321
category.stock.22.有望,98.000321
category.stock.11.沉积,58.097206
category.stock.17.沙河,61.454656
category.stock.11.油门,61.454656
category.stock.31.沾光,61.454656
category.stock.47.涨停板,116.230057
category.stock.16.深圳,196.000642
category.stock.35.混改,290.486032
category.stock.20.竟然,47.338509
category.stock.30.类,49.975461
category.stock.36.踩下,61.454656
category.stock.9.这次,38.496267
category.stock.31.连拉,61.454656
category.stock.21.重磅,111.430117
category.stock.21.伊朗核,60.49455
category.stock.10.回吐,60.49455
category.stock.19.回落,106.051504
category.stock.30.导致,47.375825
category.stock.23.总统,46.59894
category.stock.43.收窄,57.189554
category.stock.10.收高,181.48365
category.stock.42.油价,54.844623
category.stock.49.特朗普,48.234631
category.stock.50.盘中,57.189554
category.stock.41.领涨,181.48365
category.stock.14.保险公司,70.157983
category.stock.44.光荣,222.637279
category.stock.7.全身而退,74.212426
category.stock.12.公务员,74.212426
category.stock.0.出身,74.212426
category.stock.24.却,85.537162
category.stock.29.司法,67.281309
category.stock.7.想,124.401671
category.stock.8.控制,180.732177
category.stock.7.早年,70.157983
category.stock.7.李,189.680596
category.stock.48.江湖,65.049988
category.stock.27.深厚,74.212426
category.stock.51.炒成,74.212426
category.stock.28.炒股,74.212426
category.stock.10.特华系,222.637279
category.stock.8.终究,74.212426
category.stock.28.脉,74.212426
category.stock.25.落马,148.424852
category.stock.3.起底,148.424852
category.stock.36.退隐,74.212426
category.stock.45.长袖善舞,74.212426
category.stock.48.难逃法网,74.212426
category.stock.35.鳄,148.424852
category.stock.27.合肥,60.637285
category.stock.35.同学,54.646746
category.stock.44.商海,128.283052
category.stock.5.大学,56.222464
category.stock.26.天安,64.141526
category.stock.34.女版,64.141526
category.stock.3.已上,128.283052
category.stock.4.持,60.637285
category.stock.17.掘金,192.424578
category.stock.51.效仿,128.283052
category.stock.19.明天,46.169909
category.stock.22.明星,174.452961
category.stock.12.梦碎,128.283052
category.stock.1.演员,64.141526
category.stock.32.照葫芦画瓢,64.141526
category.stock.9.爆炒,64.141526
category.stock.5.瑞福,64.141526
category.stock.2.被誉为,58.150987
category.stock.40.财险,64.141526
category.stock.17.赚,54.646746
category.stock.28.身家,121.274571
category.stock.0.锂业,64.141526
category.stock.39.陈坤,192.424578
category.stock.48.隐现,64.141526
category.stock.12.顺安,64.141526
category.stock.11.乐视收,97.264672
category.stock.45.乐视致,145.897008
category.stock.36.关联方,48.632336
category.stock.48.内部,39.54824
category.stock.49.函称,48.632336
category.stock.43.办理,45.975408
category.stock.45.合法,48.632336
category.stock.6.合规性,145.897008
category.stock.23.审议,97.264672
category.stock.2.履行,48.632336
category.stock.9.德,38.776432
category.stock.39.手续,48.632336
category.stock.51.收到,123.829632
category.stock.26.未经,48.632336
category.stock.10.融创,132.270863
category.stock.9.说明,165.733439
category.stock.51.质押,243.16168
category.stock.1.乐视,222.486268
category.stock.10.家当,261.142881
category.stock.6.自白,261.142881
category.stock.10.002673,82.353435
category.stock.0.中午,77.854224
category.stock.39.书面,77.854224
category.stock.33.信托,77.854224
category.stock.46.刘,164.706869
category.stock.15.变动,74.661983
category.stock.41.委员会,144.371776
category.stock.6.安排,74.661983
category.stock.21.建武,164.706869
category.stock.10.徐,82.353435
category.stock.8.接棒,82.353435
category.stock.4.朝晖,82.353435
category.stock.23.职务,82.353435
category.stock.34.西部,247.060304
category.stock.33.请辞,82.353435
category.stock.30.辞去,82.353435
category.stock.51.辞职报告,82.353435
category.stock.6.0.35,61.492359
category.stock.46.28,137.950242
category.stock.9.29,42.839127
category.stock.42.5.01%,61.492359
category.stock.41.5.78,61.492359
category.stock.3.6.64,61.492359
category.stock.37.7.34,61.492359
category.stock.46.ST,174.39855
category.stock.45.上演,111.498481
category.stock.12.住,55.749241
category.stock.41.保,58.13285
category.stock.45.全天,61.492359
category.stock.50.千里,61.492359
category.stock.1.历史纪录,61.492359
category.stock.13.地天板,122.984718
category.stock.9.宽幅,61.492359
category.stock.10.封,61.492359
category.stock.33.尤夫,122.984718
category.stock.15.巨震,61.492359
category.stock.0.快速,55.749241
category.stock.15.拉升,61.492359
category.stock.34.接近,51.112506
category.stock.29.收盘报,61.492359
category.stock.49.盘初,61.492359
category.stock.11.短时,61.492359
category.stock.8.跌停板,61.492359