id,value
category,
category.OverseasEducation,
category.OverseasEducation.26.不得不,306.079403
category.OverseasEducation.20.写作,993.676707
category.OverseasEducation.12.托福,569.102835
category.OverseasEducation.42.说,489.270197
category.OverseasEducation.18.6666,130.067539
category.OverseasEducation.29.cry,221.627650
category.OverseasEducation.34.doge,80.414098
category.OverseasEducation.39.乘法表,130.067539
category.OverseasEducation.10.人民,117.919798
category.OverseasEducation.37.人生,103.707852
category.OverseasEducation.44.内涵,122.961566
category.OverseasEducation.24.外国,122.961566
category.OverseasEducation.2.大,256.110981
category.OverseasEducation.1.婊哥,130.067539
category.OverseasEducation.4.完,157.380140
category.OverseasEducation.4.怀疑,117.919798
category.OverseasEducation.41.拍,303.327535
category.OverseasEducation.24.有点,110.813825
category.OverseasEducation.22.毛病,122.961566
category.OverseasEducation.42.没,138.382023
category.OverseasEducation.6.看,135.779983
category.OverseasEducation.39.秒,334.551539
category.OverseasEducation.20.竟然,100.191000
category.OverseasEducation.37.笑,179.427232
category.OverseasEducation.24.网友,144.450530
category.OverseasEducation.51.背诵,130.067539
category.OverseasEducation.7.规律,122.961566
category.OverseasEducation.49.视频,365.017231
category.OverseasEducation.17.这种,93.624315
category.OverseasEducation.4.1.5,47.904332
category.OverseasEducation.10.12,40.525890
category.OverseasEducation.0.15627,69.452096
category.OverseasEducation.18.2017,160.957409
category.OverseasEducation.9.3,127.902551
category.OverseasEducation.8.@,1004.042887
category.OverseasEducation.19.HSK6,69.452096
category.OverseasEducation.42.万,181.799029
category.OverseasEducation.29.人,149.772991
category.OverseasEducation.45.人数,65.657723
category.OverseasEducation.9.今年,40.525890
category.OverseasEducation.34.全国,101.192965
category.OverseasEducation.10.全年,62.965573
category.OverseasEducation.26.全球,179.035243
category.OverseasEducation.2.共有,94.032690
category.OverseasEducation.27.创下,51.242123
category.OverseasEducation.38.印尼,208.356287
category.OverseasEducation.33.历年,69.452096
category.OverseasEducation.21.参加,136.586939
category.OverseasEducation.28.咖说,57.728646
category.OverseasEducation.31.围观,240.966120
category.OverseasEducation.40.图为,69.452096
category.OverseasEducation.14.央视网,69.452096
category.OverseasEducation.4.季,618.750401
category.OverseasEducation.18.席卷,69.452096
category.OverseasEducation.51.年度,47.447750
category.OverseasEducation.42.教育,976.545141
category.OverseasEducation.19.新高,62.965573
category.OverseasEducation.22.日,126.295294
category.OverseasEducation.9.普禾格,69.452096
category.OverseasEducation.37.月,101.110292
category.OverseasEducation.48.汉语,208.356287
category.OverseasEducation.50.汉语热,69.452096
category.OverseasEducation.25.玛琅三地,69.452096
category.OverseasEducation.49.现场,47.447750
category.OverseasEducation.39.第三次,69.452096
category.OverseasEducation.4.级,51.935631
category.OverseasEducation.28.考生,208.356287
category.OverseasEducation.45.考试,363.779175
category.OverseasEducation.49.落幕,59.171200
category.OverseasEducation.9.雅加达,138.904192
category.OverseasEducation.13.“,557.831788
category.OverseasEducation.49.”,585.632494
category.OverseasEducation.41.不同,54.045274
category.OverseasEducation.39.中,149.070582
category.OverseasEducation.37.中国青年报,169.759412
category.OverseasEducation.14.会,219.169681
category.OverseasEducation.42.低龄化,156.710567
category.OverseasEducation.35.决定,55.761100
category.OverseasEducation.3.出发点,78.355283
category.OverseasEducation.6.出国,526.310450
category.OverseasEducation.49.别人,113.453069
category.OverseasEducation.5.去,482.984913
category.OverseasEducation.26.发挥,63.719199
category.OverseasEducation.18.可能,162.395025
category.OverseasEducation.50.呈,142.074483
category.OverseasEducation.46.孩子,338.988040
category.OverseasEducation.2.家,50.876859
category.OverseasEducation.13.影响,192.548825
category.OverseasEducation.13.总,85.903479
category.OverseasEducation.7.想,283.284669
category.OverseasEducation.29.成人,78.355283
category.OverseasEducation.12.效果,74.074503
category.OverseasEducation.45.新闻,151.896757
category.OverseasEducation.22.父母,103.193586
category.OverseasEducation.19.留学,1192.833052
category.OverseasEducation.18.目标,138.430794
category.OverseasEducation.0.自主,133.512922
category.OverseasEducation.38.自主性,78.355283
category.OverseasEducation.44.自尊,78.355283
category.OverseasEducation.11.自立,78.355283
category.OverseasEducation.39.趋势,130.257968
category.OverseasEducation.35.过程,112.342500
category.OverseasEducation.28.适合,62.475681
category.OverseasEducation.29.选择,107.060324
category.OverseasEducation.13.都,395.303395
category.OverseasEducation.43.重视,74.074503
category.OverseasEducation.12.青少年,195.215538
category.OverseasEducation.34.10,34.906594
category.OverseasEducation.29.2018,163.198327
category.OverseasEducation.35.上学,66.001524
category.OverseasEducation.38.中小学,109.721055
category.OverseasEducation.45.保障,179.511807
category.OverseasEducation.46.健康,179.511807
category.OverseasEducation.40.分析,52.625553
category.OverseasEducation.28.初中生,116.842382
category.OverseasEducation.51.国民,57.852822
category.OverseasEducation.1.学习,178.682482
category.OverseasEducation.39.学年,66.001524
category.OverseasEducation.40.学校,230.157957
category.OverseasEducation.46.学生,476.885480
category.OverseasEducation.7.宣布,41.070848
category.OverseasEducation.15.家长,44.676706
category.OverseasEducation.32.小学生,57.852822
category.OverseasEducation.18.布朗,66.001524
category.OverseasEducation.10.带,48.082710
category.OverseasEducation.4.干扰,66.001524
category.OverseasEducation.25.思维,284.218039
category.OverseasEducation.27.手机,211.099731
category.OverseasEducation.2.担心,52.625553
category.OverseasEducation.44.放心,57.852822
category.OverseasEducation.39.教育界,62.395666
category.OverseasEducation.4.教育部长,66.001524
category.OverseasEducation.10.更,324.835189
category.OverseasEducation.10.法国,205.227631
category.OverseasEducation.38.环球网,66.001524
category.OverseasEducation.20.盖,54.860528
category.OverseasEducation.13.禁止,62.395666
category.OverseasEducation.46.禁用,132.003048
category.OverseasEducation.42.秩序,198.004571
category.OverseasEducation.36.维护,179.511807
category.OverseasEducation.49.综合,51.688568
category.OverseasEducation.28.联络,66.001524
category.OverseasEducation.24.能力,52.625553
category.OverseasEducation.1.认为,38.926160
category.OverseasEducation.20.问题,194.202109
category.OverseasEducation.48.随时,62.395666
category.OverseasEducation.51.get,162.159492
category.OverseasEducation.6.一波,162.159492
category.OverseasEducation.8.不在话下,162.159492
category.OverseasEducation.30.习语,324.318984
category.OverseasEducation.41.例句,162.159492
category.OverseasEducation.8.地道,233.798842
category.OverseasEducation.9.提分,162.159492
category.OverseasEducation.1.结合,211.252695
category.OverseasEducation.19.英语,336.283005
category.OverseasEducation.38.雅思,1187.704131
category.OverseasEducation.5.高分,263.791829
category.OverseasEducation.17.0.9%,51.067278
category.OverseasEducation.47.16,35.223471
category.OverseasEducation.14.2,94.038839
category.OverseasEducation.43.200,39.992932
category.OverseasEducation.0.4,98.405055
category.OverseasEducation.7.7%,48.277322
category.OverseasEducation.42.上,184.073946
category.OverseasEducation.36.下,74.948207
category.OverseasEducation.4.世界,279.069594
category.OverseasEducation.41.主动性,48.277322
category.OverseasEducation.8.于世,51.067278
category.OverseasEducation.37.人民币,36.758894
category.OverseasEducation.37.仅,38.738400
category.OverseasEducation.44.以全,102.134556
category.OverseasEducation.48.仿佛,51.067278
category.OverseasEducation.16.优秀,38.738400
category.OverseasEducation.38.低于,38.187636
category.OverseasEducation.4.全额,48.277322
category.OverseasEducation.23.兴奋,46.297817
category.OverseasEducation.43.凌晨,42.447169
category.OverseasEducation.30.分享,35.223471
category.OverseasEducation.24.分校,96.554644
category.OverseasEducation.40.刷新,39.337114
category.OverseasEducation.35.北京,109.640678
category.OverseasEducation.4.升级,42.447169
category.OverseasEducation.18.华龙网,51.067278
category.OverseasEducation.6.印象,39.337114
category.OverseasEducation.6.叫醒,51.067278
category.OverseasEducation.11.哈佛,51.067278
category.OverseasEducation.31.土豪,46.297817
category.OverseasEducation.14.坐在,51.067278
category.OverseasEducation.6.外国语,51.067278
category.OverseasEducation.5.大学,83.046593
category.OverseasEducation.0.奖学金,48.277322
category.OverseasEducation.32.奖进,102.134556
category.OverseasEducation.41.好消息,48.277322
category.OverseasEducation.5.届,48.277322
category.OverseasEducation.8.床,51.067278
category.OverseasEducation.9.强,44.762393
category.OverseasEducation.39.当作,51.067278
category.OverseasEducation.32.录取,150.647708
category.OverseasEducation.7.录取率,48.277322
category.OverseasEducation.29.很,105.066880
category.OverseasEducation.10.怪,51.067278
category.OverseasEducation.2.打游戏,51.067278
category.OverseasEducation.28.把学,51.067278
category.OverseasEducation.19.提供,86.692510
category.OverseasEducation.19.数学,204.269113
category.OverseasEducation.33.时间,61.514637
category.OverseasEducation.38.最,286.616988
category.OverseasEducation.21.查询,51.067278
category.OverseasEducation.49.正是,40.717905
category.OverseasEducation.51.每天,225.217411
category.OverseasEducation.31.消息,110.722147
category.OverseasEducation.1.激动,51.067278
category.OverseasEducation.17.点,298.207892
category.OverseasEducation.11.特质,48.277322
category.OverseasEducation.14.班主任,138.893451
category.OverseasEducation.36.理由,43.507861
category.OverseasEducation.36.男生,102.134556
category.OverseasEducation.17.痴迷,138.893451
category.OverseasEducation.15.看到,73.460900
category.OverseasEducation.20.称为,112.893573
category.OverseasEducation.18.第二,122.013253
category.OverseasEducation.13.系统,75.214428
category.OverseasEducation.0.约,37.677708
category.OverseasEducation.16.纽约大学,96.554644
category.OverseasEducation.13.考大学,102.134556
category.OverseasEducation.33.著称,48.277322
category.OverseasEducation.9.蒋牧颜,102.134556
category.OverseasEducation.35.蒋牧颜有,51.067278
category.OverseasEducation.22.跳,48.277322
category.OverseasEducation.3.还,250.521929
category.OverseasEducation.34.远,44.762393
category.OverseasEducation.16.重庆,44.762393
category.OverseasEducation.14.闯关,46.297817
category.OverseasEducation.14.阿布扎比,127.341507
category.OverseasEducation.24.陈华,51.067278
category.OverseasEducation.27.难,241.041833
category.OverseasEducation.2.难考,51.067278
category.OverseasEducation.33.零点,48.277322
category.OverseasEducation.42.非常,34.567653
category.OverseasEducation.34.高,70.933038
category.OverseasEducation.31.高三,102.134556
category.OverseasEducation.48.1,170.246451
category.OverseasEducation.5.30,50.404726
category.OverseasEducation.35.上海,94.128676
category.OverseasEducation.45.事业,69.564961
category.OverseasEducation.19.仍,131.205483
category.OverseasEducation.6.副教授,158.726687
category.OverseasEducation.39.努力,232.606071
category.OverseasEducation.45.博,75.027490
category.OverseasEducation.50.博士,263.998207
category.OverseasEducation.15.双丰收,79.363344
category.OverseasEducation.30.回家,67.615300
category.OverseasEducation.5.在读,183.664417
category.OverseasEducation.26.多年,64.538963
category.OverseasEducation.40.好看,71.951153
category.OverseasEducation.1.娃,75.027490
category.OverseasEducation.24.家庭,65.966885
category.OverseasEducation.21.岁,309.808146
category.OverseasEducation.14.工作,55.289086
category.OverseasEducation.0.师大,79.363344
category.OverseasEducation.6.形容,65.966885
category.OverseasEducation.16.怀孕,79.363344
category.OverseasEducation.10.搜,79.363344
category.OverseasEducation.19.新闻学,79.363344
category.OverseasEducation.37.早稻田大学,79.363344
category.OverseasEducation.18.最近,132.620797
category.OverseasEducation.26.期间,106.492063
category.OverseasEducation.51.梨,150.054980
category.OverseasEducation.43.点半才,79.363344
category.OverseasEducation.4.热,71.951153
category.OverseasEducation.28.生,71.951153
category.OverseasEducation.1.登上,65.966885
category.OverseasEducation.47.研究室,79.363344
category.OverseasEducation.37.美,91.421633
category.OverseasEducation.16.美女,118.694340
category.OverseasEducation.20.美满,79.363344
category.OverseasEducation.51.背后,54.740580
category.OverseasEducation.1.说理,79.363344
category.OverseasEducation.27.读书,71.951153
category.OverseasEducation.37.赞,124.796315
category.OverseasEducation.10.边生,79.363344
category.OverseasEducation.7.长得,71.951153
category.OverseasEducation.20.陈雅赛,79.363344
category.OverseasEducation.30.频道,139.129922
category.OverseasEducation.1.首位,69.564961
category.OverseasEducation.31.东欧,68.421085
category.OverseasEducation.15.价格低廉,68.421085
category.OverseasEducation.10.传统,49.845382
category.OverseasEducation.49.值得注意,68.421085
category.OverseasEducation.36.出炉,89.379808
category.OverseasEducation.23.十强,68.421085
category.OverseasEducation.5.卫冕,55.640622
category.OverseasEducation.7.受脱,68.421085
category.OverseasEducation.40.吸引力,179.920976
category.OverseasEducation.43.国,174.878424
category.OverseasEducation.16.国家,77.995250
category.OverseasEducation.2.学费,62.030854
category.OverseasEducation.24.屈居,68.421085
category.OverseasEducation.8.年,219.314485
category.OverseasEducation.7.强国,68.421085
category.OverseasEducation.10.德国,170.615007
category.OverseasEducation.0.快速,62.030854
category.OverseasEducation.1.成功,140.538889
category.OverseasEducation.11.成本,113.846520
category.OverseasEducation.31.扩展,59.973659
category.OverseasEducation.13.授课,62.030854
category.OverseasEducation.28.排行榜,62.030854
category.OverseasEducation.22.最佳,49.250391
category.OverseasEducation.18.最具,194.049118
category.OverseasEducation.50.最新,71.194757
category.OverseasEducation.1.来自,38.208580
category.OverseasEducation.32.欧,53.583428
category.OverseasEducation.42.欧洲,173.820603
category.OverseasEducation.48.波兰,64.683039
category.OverseasEducation.25.瑞士,68.421085
category.OverseasEducation.25.生活,49.250391
category.OverseasEducation.22.目的,124.061707
category.OverseasEducation.38.目的地,62.030854
category.OverseasEducation.19.紧随其后,68.421085
category.OverseasEducation.20.英国,380.168540
category.OverseasEducation.23.荷兰,68.421085
category.OverseasEducation.45.跻身,64.683039
category.OverseasEducation.18.项目,46.314517
category.OverseasEducation.24.首次,43.152856
category.OverseasEducation.23.出境,157.151197
category.OverseasEducation.11.基本,127.796723
category.OverseasEducation.46.外语,148.565564
category.OverseasEducation.39.学,255.243689
category.OverseasEducation.44.微博,660.613584
category.OverseasEducation.21.次,148.171822
category.OverseasEducation.50.没事,157.151197
category.OverseasEducation.8.自由,137.748945
category.OverseasEducation.43.英语口语,297.131128
category.OverseasEducation.38.行要,157.151197
category.OverseasEducation.29.说不定,157.151197
category.OverseasEducation.0.读读,157.151197
category.OverseasEducation.35.决战,259.807916
category.OverseasEducation.6.分数,90.394442
category.OverseasEducation.3.听力,271.183326
category.OverseasEducation.11.地图,170.911854
category.OverseasEducation.34.学为,180.788884
category.OverseasEducation.35.王陆,90.394442
category.OverseasEducation.13.现在,88.171639
category.OverseasEducation.7.看看,120.352008
category.OverseasEducation.18.薛彤,90.394442
category.OverseasEducation.31.词汇,404.778224
category.OverseasEducation.10.贵,144.149930
category.OverseasEducation.34.赵石,90.394442
category.OverseasEducation.28.造成,81.951995
category.OverseasEducation.30.需要,61.754982
category.OverseasEducation.48.题,90.394442
category.OverseasEducation.4.题会,90.394442
category.OverseasEducation.41.一步,184.568226
category.OverseasEducation.36.一起,183.480456
category.OverseasEducation.13.写,85.565180
category.OverseasEducation.43.单词,97.617230
category.OverseasEducation.21.发音,463.301956
category.OverseasEducation.46.口型,97.617230
category.OverseasEducation.40.口语,582.816311
category.OverseasEducation.29.国际音标,97.617230
category.OverseasEducation.29.基础,81.139532
category.OverseasEducation.9.外教,97.617230
category.OverseasEducation.36.打造,70.266158
category.OverseasEducation.0.标准,81.139532
category.OverseasEducation.42.注意,125.604563
category.OverseasEducation.21.示例,97.617230
category.OverseasEducation.21.英式,265.066828
category.OverseasEducation.35.跟读,97.617230
category.OverseasEducation.6.+,278.834943
category.OverseasEducation.47.7,282.681476
category.OverseasEducation.46.Super,104.132479
category.OverseasEducation.40.noting,104.132479
category.OverseasEducation.51.一臂之力,104.132479
category.OverseasEducation.11.会助,104.132479
category.OverseasEducation.46.作文,177.855921
category.OverseasEducation.33.分,86.555013
category.OverseasEducation.11.双重,104.132479
category.OverseasEducation.17.句子,104.132479
category.OverseasEducation.12.否定,98.443415
category.OverseasEducation.39.咨询,91.276041
category.OverseasEducation.43.围脖,104.132479
category.OverseasEducation.8.小,129.312984
category.OverseasEducation.37.必会,104.132479
category.OverseasEducation.51.比较级,104.132479
category.OverseasEducation.41.现象,91.276041
category.OverseasEducation.23.申请,391.338266
category.OverseasEducation.18.语法,104.132479
category.OverseasEducation.14.赶紧,104.132479
category.OverseasEducation.0.马起,104.132479
category.OverseasEducation.10.TOP100,116.876918
category.OverseasEducation.7.丰富,84.129534
category.OverseasEducation.45.备考,197.508485
category.OverseasEducation.47.提升,248.423566
category.OverseasEducation.44.文章,207.758093
category.OverseasEducation.24.时,161.485074
category.OverseasEducation.10.替换,395.016971
category.OverseasEducation.18.有所,88.659998
category.OverseasEducation.35.档次,116.876918
category.OverseasEducation.41.用词,116.876918
category.OverseasEducation.7.积累,110.491588
category.OverseasEducation.16.精华,116.876918
category.OverseasEducation.43.词,308.000073
category.OverseasEducation.17.起来,243.203625
category.OverseasEducation.33.运用,105.961123
category.OverseasEducation.23.适当,110.491588
category.OverseasEducation.44.##,190.391330
category.OverseasEducation.4.CoE,139.085057
category.OverseasEducation.5.Conditional,139.085057
category.OverseasEducation.17.八大,139.085057
category.OverseasEducation.20.多图,139.085057
category.OverseasEducation.25.大讲堂,139.085057
category.OverseasEducation.49.干货,139.085057
category.OverseasEducation.5.政策,95.933416
category.OverseasEducation.13.暴击,139.085057
category.OverseasEducation.43.汇总,121.913292
category.OverseasEducation.21.澳洲,231.215256
category.OverseasEducation.5.袭,139.085057
category.OverseasEducation.18.5.5,72.479345
category.OverseasEducation.5.59,159.891896
category.OverseasEducation.47.不,465.020411
category.OverseasEducation.11.不了,72.479345
category.OverseasEducation.25.不能,56.893088
category.OverseasEducation.29.之中,70.075635
category.OverseasEducation.25.信,75.578265
category.OverseasEducation.17.内容,66.451146
category.OverseasEducation.23.包含,75.578265
category.OverseasEducation.44.即可,66.451146
category.OverseasEducation.30.句型,79.945948
category.OverseasEducation.29.处于,65.012742
category.OverseasEducation.43.奔,72.479345
category.OverseasEducation.29.完美,58.984543
category.OverseasEducation.36.实在,72.479345
category.OverseasEducation.40.并私,79.945948
category.OverseasEducation.26.很多,184.160703
category.OverseasEducation.45.思路,75.578265
category.OverseasEducation.47.截图,79.945948
category.OverseasEducation.37.拓展,79.945948
category.OverseasEducation.8.整理,200.442497
category.OverseasEducation.3.有限,70.075635
category.OverseasEducation.41.核心,79.945948
category.OverseasEducation.25.水深火热,79.945948
category.OverseasEducation.10.深知,75.578265
category.OverseasEducation.35.烤鸭,159.891896
category.OverseasEducation.22.突破,199.771555
category.OverseasEducation.41.篇,144.958689
category.OverseasEducation.30.类,65.012742
category.OverseasEducation.3.经历,94.529052
category.OverseasEducation.25.给哥,79.945948
category.OverseasEducation.14.表达,144.958689
category.OverseasEducation.35.解析,151.156530
category.OverseasEducation.26.诅咒,79.945948
category.OverseasEducation.30.话题,70.075635
category.OverseasEducation.3.语料库,159.891896
category.OverseasEducation.2.转后,79.945948
category.OverseasEducation.29.需,184.483266
category.OverseasEducation.28.50,129.227049
category.OverseasEducation.29.人群,170.288278
category.OverseasEducation.43.价值,143.336213
category.OverseasEducation.42.几十万,194.273769
category.OverseasEducation.1.发布,128.024907
category.OverseasEducation.17.头条,133.964561
category.OverseasEducation.6.就业,630.136130
category.OverseasEducation.19.成,147.371373
category.OverseasEducation.26.本身,183.660020
category.OverseasEducation.6.澳,183.660020
category.OverseasEducation.30.留学生,684.316252
category.OverseasEducation.14.Kevin,135.842981
category.OverseasEducation.19.VIPKID,271.685963
category.OverseasEducation.23.大熊,135.842981
category.OverseasEducation.49.太阳,119.071491
category.OverseasEducation.45.妈妈,123.155839
category.OverseasEducation.38.官微,135.842981
category.OverseasEducation.22.小朋友,123.155839
category.OverseasEducation.32.少儿英语,186.020785
category.OverseasEducation.44.屁股,128.421479
category.OverseasEducation.27.操练,135.842981
category.OverseasEducation.25.美国,292.456361
category.OverseasEducation.29.萌叔,135.842981
category.OverseasEducation.24.起床,128.421479
category.OverseasEducation.35.Map,82.498600
category.OverseasEducation.49.Thinking,82.498600
category.OverseasEducation.4.八种,247.495800
category.OverseasEducation.19.具象化,82.498600
category.OverseasEducation.39.分别,87.028900
category.OverseasEducation.29.加州,67.088580
category.OverseasEducation.7.双泡,82.498600
category.OverseasEducation.39.图形,164.997200
category.OverseasEducation.41.圆,77.991458
category.OverseasEducation.17.增强,77.991458
category.OverseasEducation.45.多广,82.498600
category.OverseasEducation.44.多流,82.498600
category.OverseasEducation.25.大括号,82.498600
category.OverseasEducation.4.导图,82.498600
category.OverseasEducation.14.小学,62.581439
category.OverseasEducation.44.常用,77.991458
category.OverseasEducation.22.思考,149.257480
category.OverseasEducation.49.教学方法,82.498600
category.OverseasEducation.42.方法,70.286448
category.OverseasEducation.7.无形,82.498600
category.OverseasEducation.17.树,82.498600
category.OverseasEducation.41.桥梁,74.793590
category.OverseasEducation.30.气泡,82.498600
category.OverseasEducation.47.流,77.991458
category.OverseasEducation.6.简单,58.709669
category.OverseasEducation.37.组合,72.313131
category.OverseasEducation.11.认知,77.991458
category.OverseasEducation.10.语言,176.919754
category.OverseasEducation.22.课堂,77.991458
category.OverseasEducation.28.趣味性,82.498600
category.OverseasEducation.32.间,67.088580
category.OverseasEducation.48.随意,82.498600
category.OverseasEducation.42.RP,85.150632
category.OverseasEducation.39._,67.893873
category.OverseasEducation.49.pronunciation,85.150632
category.OverseasEducation.14.received,85.150632
category.OverseasEducation.31.一下,105.658198
category.OverseasEducation.11.一个,122.928799
category.OverseasEducation.9.一口,160.997203
category.OverseasEducation.31.中国,426.406236
category.OverseasEducation.6.到底,57.128808
category.OverseasEducation.45.助手,85.150632
category.OverseasEducation.33.卷舌,255.451895
category.OverseasEducation.46.吃瓜,74.637737
category.OverseasEducation.35.同学,204.431733
category.OverseasEducation.2.听,70.777284
category.OverseasEducation.5.喵,131.183029
category.OverseasEducation.39.漂亮,170.301263
category.OverseasEducation.23.特点,77.197934
category.OverseasEducation.42.练,80.498601
category.OverseasEducation.46.老师,62.824586
category.OverseasEducation.24.英音,170.301263
category.OverseasEducation.32.跟着,77.197934
category.OverseasEducation.11.重要,99.991777
category.OverseasEducation.50.大全,87.016898
category.OverseasEducation.43.心,64.124293
category.OverseasEducation.18.快,66.255642
category.OverseasEducation.35.档位,92.045621
category.OverseasEducation.5.高级,313.680951
category.OverseasEducation.41.不少,51.173863
category.OverseasEducation.36.两年制,220.368748
category.OverseasEducation.16.优势,52.274730
category.OverseasEducation.24.传出,73.456249
category.OverseasEducation.18.变相,73.456249
category.OverseasEducation.16.只,96.915194
category.OverseasEducation.25.圈钱,73.456249
category.OverseasEducation.41.学习年限,73.456249
category.OverseasEducation.6.学士学位,73.456249
category.OverseasEducation.40.年限,73.456249
category.OverseasEducation.40.式,53.513545
category.OverseasEducation.8.快餐,73.456249
category.OverseasEducation.17.念书,73.456249
category.OverseasEducation.17.推,61.056902
category.OverseasEducation.13.推出,45.127330
category.OverseasEducation.29.推行,69.443118
category.OverseasEducation.3.攻读,73.456249
category.OverseasEducation.44.教育部门,69.443118
category.OverseasEducation.28.最短,73.456249
category.OverseasEducation.17.未来,49.722841
category.OverseasEducation.50.本科,220.368748
category.OverseasEducation.42.来说,100.752272
category.OverseasEducation.22.省钱,73.456249
category.OverseasEducation.35.短,66.595756
category.OverseasEducation.20.短是,73.456249
category.OverseasEducation.32.硕士学位,73.456249
category.OverseasEducation.12.赴英,73.456249
category.OverseasEducation.32.通常,61.056902
category.OverseasEducation.13.·,46.822608
category.OverseasEducation.46.企业,53.389630
category.OverseasEducation.21.低,109.417394
category.OverseasEducation.24.前提,83.462847
category.OverseasEducation.7.区域,78.903026
category.OverseasEducation.5.可谓,67.872715
category.OverseasEducation.46.国际,51.936527
category.OverseasEducation.29.在于,69.374396
category.OverseasEducation.0.好,49.773131
category.OverseasEducation.35.州,83.462847
category.OverseasEducation.39.当地,100.725024
category.OverseasEducation.12.房价,58.753072
category.OverseasEducation.45.机会,60.077648
category.OverseasEducation.21.标志,83.462847
category.OverseasEducation.28.海外,134.947231
category.OverseasEducation.14.特别,57.019508
category.OverseasEducation.21.理想,78.903026
category.OverseasEducation.25.知道,50.649879
category.OverseasEducation.48.纽约,44.844559
category.OverseasEducation.6.能够,63.312893
category.OverseasEducation.10.车公庄,83.462847
category.OverseasEducation.36..,109.446662
category.OverseasEducation.37.24,35.854547
category.OverseasEducation.32.via,73.214014
category.OverseasEducation.21.一些,32.342718
category.OverseasEducation.39.中国政府,42.437474
category.OverseasEducation.20.中国日报,47.089596
category.OverseasEducation.37.之后,33.133230
category.OverseasEducation.44.争议,47.089596
category.OverseasEducation.46.事,110.252265
category.OverseasEducation.4.事情,39.716157
category.OverseasEducation.15.以后,49.810913
category.OverseasEducation.14.作出,42.437474
category.OverseasEducation.13.做出,81.013338
category.OverseasEducation.47.公开,35.064035
category.OverseasEducation.29.公民,47.089596
category.OverseasEducation.37.发展,85.347926
category.OverseasEducation.15.发言人,47.089596
category.OverseasEducation.12.变化,78.897753
category.OverseasEducation.18.后来,40.506669
category.OverseasEducation.10.回国,49.810913
category.OverseasEducation.26.回应,166.284372
category.OverseasEducation.34.国外,39.009020
category.OverseasEducation.12.外交部,149.432740
category.OverseasEducation.45.学子,49.810913
category.OverseasEducation.6.学成,49.810913
category.OverseasEducation.10.属实,49.810913
category.OverseasEducation.15.年轻,38.369337
category.OverseasEducation.51.应,82.805755
category.OverseasEducation.22.应该,76.738674
category.OverseasEducation.25.引发,35.854547
category.OverseasEducation.3.当前,42.437474
category.OverseasEducation.31.心底,49.810913
category.OverseasEducation.23.愿意,94.179193
category.OverseasEducation.3.或者说,47.089596
category.OverseasEducation.51.支持,36.287703
category.OverseasEducation.35.最终,34.029438
category.OverseasEducation.28.欢迎,38.369337
category.OverseasEducation.45.毕业,94.179193
category.OverseasEducation.49.演讲,135.476373
category.OverseasEducation.18.热爱,43.661142
category.OverseasEducation.32.热爱祖国,49.810913
category.OverseasEducation.18.相信,39.009020
category.OverseasEducation.45.看法,47.089596
category.OverseasEducation.49.祖国,300.832161
category.OverseasEducation.3.表态,174.644569
category.OverseasEducation.33.表示,110.939324
category.OverseasEducation.2.认识,41.402877
category.OverseasEducation.15.话筒,121.520007
category.OverseasEducation.3.负责,149.432740
category.OverseasEducation.40.贡献,386.866287
category.OverseasEducation.6.近日,68.385637
category.OverseasEducation.40.这一,36.750755
category.OverseasEducation.16.这位,36.287703
category.OverseasEducation.48.道歉,47.089596
category.OverseasEducation.16.陆慷,99.621827
category.OverseasEducation.10.马里兰大学,149.432740
category.OverseasEducation.18.鼓励,47.089596
category.OverseasEducation.10.95,84.189158
category.OverseasEducation.20.Offer,267.163398
category.OverseasEducation.38.offer,89.054466
category.OverseasEducation.19.之夜,80.737167
category.OverseasEducation.51.体质,84.189158
category.OverseasEducation.5.使用,85.720293
category.OverseasEducation.39.后,46.918287
category.OverseasEducation.24.回复,84.189158
category.OverseasEducation.46.回路,89.054466
category.OverseasEducation.29.大神,89.054466
category.OverseasEducation.26.学霸,421.930605
category.OverseasEducation.15.幽灵,80.737167
category.OverseasEducation.43.开车,80.737167
category.OverseasEducation.18.录制,53.723182
category.OverseasEducation.46.彩蛋,89.054466
category.OverseasEducation.0.晒,89.054466
category.OverseasEducation.25.智课,178.108932
category.OverseasEducation.15.派对,89.054466
category.OverseasEducation.4.清奇,89.054466
category.OverseasEducation.5.神,75.871859
category.OverseasEducation.49.精英,89.054466
category.OverseasEducation.49.结尾,89.054466
category.OverseasEducation.24.网,72.419868
category.OverseasEducation.40.脑,89.054466
category.OverseasEducation.12.花式,89.054466
category.OverseasEducation.17.花痴,89.054466
category.OverseasEducation.32.酷酷,89.054466
category.OverseasEducation.27.集结,89.054466
category.OverseasEducation.32.霸们,89.054466
category.OverseasEducation.32.😎,89.054466
category.OverseasEducation.42.🤓,89.054466
category.OverseasEducation.37.🤣,89.054466
category.OverseasEducation.19.1289,43.676616
category.OverseasEducation.29.162,43.676616
category.OverseasEducation.46.28,32.660967
category.OverseasEducation.51.4000,41.290434
category.OverseasEducation.46.42,39.597410
category.OverseasEducation.40.6,59.776857
category.OverseasEducation.40.good,89.515967
category.OverseasEducation.21.一流,131.029848
category.OverseasEducation.51.上榜,158.389642
category.OverseasEducation.3.上海交通大学,43.676616
category.OverseasEducation.28.中南大学,149.927360
category.OverseasEducation.20.仅次于,43.676616
category.OverseasEducation.5.仪器,43.676616
category.OverseasEducation.3.位列,87.353232
category.OverseasEducation.51.共计,39.597410
category.OverseasEducation.15.冶金,43.676616
category.OverseasEducation.9.北京大学,114.462207
category.OverseasEducation.4.北京科技大学,43.676616
category.OverseasEducation.31.各学科,43.676616
category.OverseasEducation.17.同济大学,43.676616
category.OverseasEducation.4.哈尔滨工业大学,43.676616
category.OverseasEducation.43.土木工程,43.676616
category.OverseasEducation.19.大陆,145.216175
category.OverseasEducation.51.学科,305.736313
category.OverseasEducation.18.居首,87.353232
category.OverseasEducation.48.工程,76.568399
category.OverseasEducation.17.排名,161.255378
category.OverseasEducation.29.揭晓,33.132023
category.OverseasEducation.40.榜单,39.597410
category.OverseasEducation.40.次数,87.353232
category.OverseasEducation.29.武汉大学,43.676616
category.OverseasEducation.0.海洋工程,43.676616
category.OverseasEducation.48.清华大学,41.290434
category.OverseasEducation.28.澎湃,39.597410
category.OverseasEducation.33.矿业,41.290434
category.OverseasEducation.15.科学,41.290434
category.OverseasEducation.6.第一,28.812577
category.OverseasEducation.15.船舶,43.676616
category.OverseasEducation.49.软科,43.676616
category.OverseasEducation.0.通信工程,43.676616
category.OverseasEducation.10.遥感技术,43.676616
category.OverseasEducation.39.高校,717.909415
category.OverseasEducation.49.2015,45.900257
category.OverseasEducation.33.Ro982mr,77.400385
category.OverseasEducation.13.cn,29.320872
category.OverseasEducation.35.http,29.269115
category.OverseasEducation.47.t,29.530508
category.OverseasEducation.24.丝路,77.400385
category.OverseasEducation.48.丝路之旅,77.400385
category.OverseasEducation.40.之大,77.400385
category.OverseasEducation.44.了解,154.180505
category.OverseasEducation.38.从未,73.171774
category.OverseasEducation.20.内地,115.758576
category.OverseasEducation.6.发现,94.114562
category.OverseasEducation.6.后泳欣,77.400385
category.OverseasEducation.22.回,73.171774
category.OverseasEducation.27.回过,77.400385
category.OverseasEducation.5.大学毕业,77.400385
category.OverseasEducation.11.大学生,77.400385
category.OverseasEducation.36.就读于,77.400385
category.OverseasEducation.39.展开,60.615495
category.OverseasEducation.38.想到,73.171774
category.OverseasEducation.49.才,53.386636
category.OverseasEducation.32.文学院,77.400385
category.OverseasEducation.25.研究生,77.400385
category.OverseasEducation.24.章泳欣,77.400385
category.OverseasEducation.25.组织,61.714304
category.OverseasEducation.22.读,73.171774
category.OverseasEducation.10.走,61.714304
category.OverseasEducation.35.身边,67.844353
category.OverseasEducation.27.还要,67.844353
category.OverseasEducation.43.香港,106.259510
category.OverseasEducation.40.香港大学,77.400385
category.OverseasEducation.48.300,79.272761
category.OverseasEducation.33.C9,111.393778
category.OverseasEducation.35.一流大学,55.696889
category.OverseasEducation.19.世界排名,84.500621
category.OverseasEducation.37.令人,42.250310
category.OverseasEducation.28.保底,111.393778
category.OverseasEducation.12.前,60.852833
category.OverseasEducation.43.双,42.903303
category.OverseasEducation.38.名,76.101148
category.OverseasEducation.50.惊人,100.990085
category.OverseasEducation.12.惊喜,50.495042
category.OverseasEducation.2.表现,39.207425
category.OverseasEducation.29.观察,142.356471
category.OverseasEducation.44.进步,88.818544
category.OverseasEducation.19.VS,129.600787
category.OverseasEducation.2.五更,68.545221
category.OverseasEducation.21.倒计时,53.680644
category.OverseasEducation.41.克服,68.545221
category.OverseasEducation.48.压力,52.800370
category.OverseasEducation.30.回报,62.143396
category.OverseasEducation.19.国内,135.653674
category.OverseasEducation.3.奋斗,68.545221
category.OverseasEducation.3.容易,227.899404
category.OverseasEducation.0.担负,68.545221
category.OverseasEducation.13.文化,52.800370
category.OverseasEducation.43.条,170.927089
category.OverseasEducation.29.没有,109.608289
category.OverseasEducation.19.眠,68.545221
category.OverseasEducation.1.竞争,64.800393
category.OverseasEducation.38.考研,274.180884
category.OverseasEducation.36.读研,205.635663
category.OverseasEducation.14.路上,64.800393
category.OverseasEducation.40.障碍,62.143396
category.OverseasEducation.26.风险,51.257479
category.OverseasEducation.13.中文名,62.879956
category.OverseasEducation.40.之前,46.337353
category.OverseasEducation.15.伊苏,66.513801
category.OverseasEducation.37.似乎,48.455908
category.OverseasEducation.37.再,42.547640
category.OverseasEducation.29.卡赤,66.513801
category.OverseasEducation.21.取,116.603705
category.OverseasEducation.2.名字,156.269260
category.OverseasEducation.39.国罗,66.513801
category.OverseasEducation.27.国语罗马,66.513801
category.OverseasEducation.23.外国人,66.513801
category.OverseasEducation.4.大家,40.862285
category.OverseasEducation.40.字,60.301702
category.OverseasEducation.28.尊重,133.027602
category.OverseasEducation.31.建议,174.905557
category.OverseasEducation.28.当然,52.089753
category.OverseasEducation.30.拼音,314.399779
category.OverseasEducation.42.推荐,58.301852
category.OverseasEducation.43.方便,66.513801
category.OverseasEducation.31.更好,58.301852
category.OverseasEducation.48.有人,46.821912
category.OverseasEducation.31.查好,66.513801
category.OverseasEducation.23.汉语拼音,66.513801
category.OverseasEducation.14.照样,62.879956
category.OverseasEducation.42.看起来,52.089753
category.OverseasEducation.17.英文名,133.027602
category.OverseasEducation.13.评论,55.286333
category.OverseasEducation.45.这套,58.301852
category.OverseasEducation.51.韦氏,133.027602
category.OverseasEducation.19.100000,132.080161
category.OverseasEducation.34.700,112.528521
category.OverseasEducation.24.8000,119.744450
category.OverseasEducation.40.Enjoy,124.864232
category.OverseasEducation.36.P,124.864232
category.OverseasEducation.33.S,112.528521
category.OverseasEducation.15.亿,85.760952
category.OverseasEducation.2.位,78.326657
category.OverseasEducation.18.天,98.768316
category.OverseasEducation.0.开,112.528521
category.OverseasEducation.45.数据,83.885886
category.OverseasEducation.35.概不负责,132.080161
category.OverseasEducation.11.用户,107.408738
category.OverseasEducation.41.聊,124.864232
category.OverseasEducation.10.走火入魔,132.080161
category.OverseasEducation.33.错过,103.437526
category.OverseasEducation.24.锦囊,132.080161
category.OverseasEducation.16.一对,52.091254
category.OverseasEducation.12.不敢,57.457538
category.OverseasEducation.10.伦敦,38.893247
category.OverseasEducation.22.分赴,114.915076
category.OverseasEducation.3.区,48.952180
category.OverseasEducation.0.可爱,47.758759
category.OverseasEducation.37.夫妻,114.915076
category.OverseasEducation.51.学渣,114.915076
category.OverseasEducation.11.宋维鑫,114.915076
category.OverseasEducation.47.帝国,151.091090
category.OverseasEducation.43.抱团,114.915076
category.OverseasEducation.13.撒,57.457538
category.OverseasEducation.20.毕业生,52.091254
category.OverseasEducation.6.牛津,114.915076
category.OverseasEducation.6.牛津大学,57.457538
category.OverseasEducation.46.狗,54.318463
category.OverseasEducation.44.理工,114.915076
category.OverseasEducation.47.理工大学,57.457538
category.OverseasEducation.39.硕士,54.318463
category.OverseasEducation.1.粮,57.457538
category.OverseasEducation.28.说话,57.457538
category.OverseasEducation.5.读博,114.915076
category.OverseasEducation.0.跨,54.318463
category.OverseasEducation.49.跪,52.091254
category.OverseasEducation.33.长沙,54.318463
category.OverseasEducation.0.陈珺,114.915076
category.OverseasEducation.19.面前,52.091254
category.OverseasEducation.4.11,31.861949
category.OverseasEducation.43.2016,38.311274
category.OverseasEducation.15.23,41.803554
category.OverseasEducation.51.26,43.428370
category.OverseasEducation.36.一年,157.717076
category.OverseasEducation.46.不公,58.075569
category.OverseasEducation.5.仅判,116.151137
category.OverseasEducation.29.入狱,58.075569
category.OverseasEducation.44.判决,58.075569
category.OverseasEducation.28.判处,58.075569
category.OverseasEducation.22.县,54.902729
category.OverseasEducation.34.受访,58.075569
category.OverseasEducation.38.多利,52.651564
category.OverseasEducation.34.女司机,116.151137
category.OverseasEducation.22.女士,58.075569
category.OverseasEducation.47.对此,48.272466
category.OverseasEducation.21.布兰,58.075569
category.OverseasEducation.1.希望,40.881879
category.OverseasEducation.31.报,46.305884
category.OverseasEducation.14.拒绝,52.651564
category.OverseasEducation.36.撞死,174.226706
category.OverseasEducation.2.收押,58.075569
category.OverseasEducation.36.改变,45.481419
category.OverseasEducation.10.日才,58.075569
category.OverseasEducation.48.有期徒刑,58.075569
category.OverseasEducation.48.校园,58.075569
category.OverseasEducation.2.检察官,58.075569
category.OverseasEducation.39.母亲,174.226706
category.OverseasEducation.33.沈,58.075569
category.OverseasEducation.8.法官,58.075569
category.OverseasEducation.3.洛杉矶,101.810848
category.OverseasEducation.29.白宫,152.716272
category.OverseasEducation.33.立即,52.651564
category.OverseasEducation.2.网站,84.617159
category.OverseasEducation.16.舍尔,58.075569
category.OverseasEducation.29.被告,174.226706
category.OverseasEducation.10.要求,42.308579
category.OverseasEducation.24.警局,58.075569
category.OverseasEducation.14.请愿,174.226706
category.OverseasEducation.26.诺仅,58.075569
category.OverseasEducation.16.赫,58.075569
category.OverseasEducation.13.陈轶婧,116.151137
category.OverseasEducation.28.马路,54.902729
category.OverseasEducation.48.高等法院,58.075569
category.OverseasEducation.16.14,207.395408
category.OverseasEducation.51.8,36.130809
category.OverseasEducation.20.不会,39.934414
category.OverseasEducation.1.主动,100.269469
category.OverseasEducation.24.其所,59.442418
category.OverseasEducation.46.北京青年报,114.010225
category.OverseasEducation.49.存在,42.185509
category.OverseasEducation.27.官方,41.146795
category.OverseasEducation.16.宣称,57.005113
category.OverseasEducation.39.对外,53.569924
category.OverseasEducation.40.少年,62.877607
category.OverseasEducation.13.建网站,59.442418
category.OverseasEducation.1.所有,42.956242
category.OverseasEducation.29.昨晚,55.114592
category.OverseasEducation.49.最后,39.934414
category.OverseasEducation.21.李向,62.877607
category.OverseasEducation.8.李向楠,62.877607
category.OverseasEducation.12.查无实据,59.442418
category.OverseasEducation.49.楠成,62.877607
category.OverseasEducation.38.没过多久,59.442418
category.OverseasEducation.13.活动,45.806908
category.OverseasEducation.10.焦点人物,62.877607
category.OverseasEducation.7.神童,59.442418
category.OverseasEducation.5.签,62.877607
category.OverseasEducation.38.签下,118.884836
category.OverseasEducation.22.签约,62.877607
category.OverseasEducation.0.编程,59.442418
category.OverseasEducation.29.美国麻省理工学院,62.877607
category.OverseasEducation.10.获奖,55.114592
category.OverseasEducation.37.记者,43.804171
category.OverseasEducation.15.质疑,102.265236
category.OverseasEducation.48.项,57.005113
category.OverseasEducation.43.高中,59.442418
category.OverseasEducation.3.麻省理工,178.327254
category.OverseasEducation.43.麻省理工学院,118.884836
