id,value
category,
category.ChineseArt,
category.ChineseArt.31.两代,191.596054
category.ChineseArt.13.二十年,95.425112
category.ChineseArt.25.于本周,108.865955
category.ChineseArt.3.余下,108.865955
category.ChineseArt.29.作品,1571.154715
category.ChineseArt.30.创作,1102.361623
category.ChineseArt.23.启发,108.865955
category.ChineseArt.24.回顾,79.309838
category.ChineseArt.30.富比,1709.483340
category.ChineseArt.17.对话,239.998420
category.ChineseArt.26.展售会,312.321109
category.ChineseArt.24.展览,713.644275
category.ChineseArt.34.当代,737.864022
category.ChineseArt.51.彭先诚,383.192109
category.ChineseArt.14.彭薇,191.596054
category.ChineseArt.1.彭薇致,108.865955
category.ChineseArt.20.抓紧,95.425112
category.ChineseArt.29.数天,108.865955
category.ChineseArt.5.新,158.817549
category.ChineseArt.8.水墨,1013.576247
category.ChineseArt.47.父亲,102.918287
category.ChineseArt.24.生涯,297.724029
category.ChineseArt.42.空间,507.307075
category.ChineseArt.18.细赏,210.314716
category.ChineseArt.15.缘,191.596054
category.ChineseArt.40.艺术,3112.822479
category.ChineseArt.15.蘇,1709.483340
category.ChineseArt.33.请,673.596955
category.ChineseArt.41.过去,75.842309
category.ChineseArt.45.近期,161.242109
category.ChineseArt.32.闭幕,102.918287
category.ChineseArt.43.香港,2125.488250
category.ChineseArt.12.三张,93.802473
category.ChineseArt.41.不同,196.531917
category.ChineseArt.39.中,541.760611
category.ChineseArt.7.丰富,214.079670
category.ChineseArt.31.乃仅,93.802473
category.ChineseArt.2.九十年代,93.802473
category.ChineseArt.23.作,279.227624
category.ChineseArt.5.使用,51.686476
category.ChineseArt.16.古今,165.313357
category.ChineseArt.30.同期,296.263633
category.ChineseArt.20.图,616.222805
category.ChineseArt.1.多种,93.802473
category.ChineseArt.32.媒材,180.402304
category.ChineseArt.11.尝试,79.917025
category.ChineseArt.50.展现,154.584967
category.ChineseArt.5.幅,346.409063
category.ChineseArt.27.彭氏,93.802473
category.ChineseArt.49.春怨,93.802473
category.ChineseArt.15.杰作,353.846844
category.ChineseArt.29.构图,82.221402
category.ChineseArt.49.正是,74.792319
category.ChineseArt.39.水墨画,93.802473
category.ChineseArt.45.独特,74.792319
category.ChineseArt.21.画法,151.406623
category.ChineseArt.4.类型,85.041731
category.ChineseArt.20.系列,202.620722
category.ChineseArt.1.结合,76.280988
category.ChineseArt.22.色,77.968702
category.ChineseArt.45.艺术家,1542.776140
category.ChineseArt.8.装饰,74.792319
category.ChineseArt.42.试图,82.221402
category.ChineseArt.10.采用,62.395541
category.ChineseArt.5.金箔,93.802473
category.ChineseArt.8.颜色,141.554124
category.ChineseArt.36.饱和,93.802473
category.ChineseArt.32.鲜丽,93.802473
category.ChineseArt.36..,302.241119
category.ChineseArt.50./,915.702577
category.ChineseArt.15.36,85.046345
category.ChineseArt.14.RftB0rL,97.025316
category.ChineseArt.13.cn,316.943361
category.ChineseArt.35.http,316.383893
category.ChineseArt.47.t,319.209417
category.ChineseArt.11.—,702.722600
category.ChineseArt.20.个展,91.724537
category.ChineseArt.44.了解,67.593436
category.ChineseArt.1.件,453.325782
category.ChineseArt.3.共,290.879485
category.ChineseArt.7.别有天地,97.025316
category.ChineseArt.20.包括,360.727273
category.ChineseArt.17.博客,87.963574
category.ChineseArt.28.多元,87.963574
category.ChineseArt.27.大型,85.046345
category.ChineseArt.11.展出,439.183647
category.ChineseArt.44.文章,74.738582
category.ChineseArt.10.更,257.320270
category.ChineseArt.24.油画,78.901833
category.ChineseArt.43.浏览,610.424083
category.ChineseArt.39.混合,82.662795
category.ChineseArt.14.渡,97.025316
category.ChineseArt.21.炭笔,97.025316
category.ChineseArt.12.现于,97.025316
category.ChineseArt.29.理念,183.846251
category.ChineseArt.15.画布,249.316282
category.ChineseArt.26.纸本,85.046345
category.ChineseArt.51.背后,124.675894
category.ChineseArt.15.蒋友梅,97.025316
category.ChineseArt.48.装置,97.025316
category.ChineseArt.5.诗人,91.724537
category.ChineseArt.0.进行,154.414663
category.ChineseArt.42.首个,153.017382
category.ChineseArt.24.首次,356.012951
category.ChineseArt.48.1,534.203918
category.ChineseArt.9.3,269.951350
category.ChineseArt.47.7,303.296596
category.ChineseArt.2.举槌,177.269981
category.ChineseArt.1.亚洲,1335.233488
category.ChineseArt.8.呈献,1210.709327
category.ChineseArt.11.周将,195.531799
category.ChineseArt.29.售会,184.849320
category.ChineseArt.16.囊括,380.133953
category.ChineseArt.26.场,367.610346
category.ChineseArt.25.场展,195.531799
category.ChineseArt.12.拍卖,2528.093007
category.ChineseArt.37.月,1542.147831
category.ChineseArt.48.纽约,1010.947546
category.ChineseArt.25.逾,369.924087
category.ChineseArt.45.1950,270.515139
category.ChineseArt.28.1980,96.367987
category.ChineseArt.31.中国,1645.888832
category.ChineseArt.17.书法艺术,101.937112
category.ChineseArt.39.仇德树,101.937112
category.ChineseArt.33.今季,256.436478
category.ChineseArt.10.传统,347.795029
category.ChineseArt.27.先锋,96.367987
category.ChineseArt.19.凄,101.937112
category.ChineseArt.46.十二,96.367987
category.ChineseArt.50.及森田子,101.937112
category.ChineseArt.37.发展,129.538025
category.ChineseArt.7.墨人会,101.937112
category.ChineseArt.11.实验性,101.937112
category.ChineseArt.31.对外开放,96.367987
category.ChineseArt.14.带入,96.367987
category.ChineseArt.24.年代,398.723241
category.ChineseArt.33.当代艺术,777.801315
category.ChineseArt.33.徐累,101.937112
category.ChineseArt.36.战后,192.472012
category.ChineseArt.4.日本,334.622795
category.ChineseArt.16.早期,86.847505
category.ChineseArt.35.春拍,1016.682854
category.ChineseArt.10.活跃,149.579956
category.ChineseArt.50.现代,622.670471
category.ChineseArt.28.画坛,166.025697
category.ChineseArt.3.笼,101.937112
category.ChineseArt.5.裂谷,101.937112
category.ChineseArt.10.诞生,79.831237
category.ChineseArt.45.里程碑,182.528399
category.ChineseArt.11.重要,331.783797
category.ChineseArt.22.预告,628.107611
category.ChineseArt.50.领域,81.278380
category.ChineseArt.3.龙,96.367987
category.ChineseArt.25.25,112.929179
category.ChineseArt.51.8,205.992425
category.ChineseArt.8.II,226.854548
category.ChineseArt.47.专拍,467.275008
category.ChineseArt.13.全数,155.014098
category.ChineseArt.38.出,234.025804
category.ChineseArt.28.加映,155.014098
category.ChineseArt.1.同场,140.536457
category.ChineseArt.15.天下,140.536457
category.ChineseArt.0.彩泼,155.014098
category.ChineseArt.13.总,223.826975
category.ChineseArt.4.成交价,123.598702
category.ChineseArt.20.抽象,299.746554
category.ChineseArt.41.拍,1199.380820
category.ChineseArt.24.本晚,155.014098
category.ChineseArt.17.笔,155.014098
category.ChineseArt.11.艺术作品,140.536457
category.ChineseArt.23.达,100.652184
category.ChineseArt.50.道,121.398056
category.ChineseArt.50.三场,180.256792
category.ChineseArt.47.不,252.644459
category.ChineseArt.41.举行,834.431340
category.ChineseArt.41.书画,1425.790482
category.ChineseArt.16.倒数,158.896045
category.ChineseArt.14.先驱,190.054914
category.ChineseArt.44.光,117.792443
category.ChineseArt.4.单色,111.357094
category.ChineseArt.17.古代,784.950494
category.ChineseArt.47.名家,103.249514
category.ChineseArt.23.多场,117.792443
category.ChineseArt.51.容错过,106.791142
category.ChineseArt.21.山口,117.792443
category.ChineseArt.46.志,117.792443
category.ChineseArt.19.拍卖会,220.061063
category.ChineseArt.0.摄影,100.355793
category.ChineseArt.22.日,1407.202408
category.ChineseArt.19.明天,251.010687
category.ChineseArt.29.现当代,385.939883
category.ChineseArt.20.男,100.355793
category.ChineseArt.41.百件,117.792443
category.ChineseArt.30.绘画,234.362671
category.ChineseArt.42.翰墨,191.846307
category.ChineseArt.1.荟萃,106.791142
category.ChineseArt.41.郎静山,117.792443
category.ChineseArt.32.长,90.735495
category.ChineseArt.38.19,354.260000
category.ChineseArt.47.5,246.596826
category.ChineseArt.13.·,216.458990
category.ChineseArt.31.全新,188.161946
category.ChineseArt.30.分享,447.272509
category.ChineseArt.36.前夕,105.760220
category.ChineseArt.45.展期,105.760220
category.ChineseArt.42.开幕,320.717597
category.ChineseArt.33.感知,299.946682
category.ChineseArt.44.日至,334.142959
category.ChineseArt.21.松,242.680469
category.ChineseArt.44.蔡小松,317.280660
category.ChineseArt.24.近年,167.917431
category.ChineseArt.34.风格,201.734439
category.ChineseArt.23.C,140.042543
category.ChineseArt.9.W,140.042543
category.ChineseArt.11.五百年,140.042543
category.ChineseArt.16.优秀,205.289096
category.ChineseArt.13.典例,70.021271
category.ChineseArt.28.制作,55.830653
category.ChineseArt.24.前卫,70.021271
category.ChineseArt.48.卓越,59.656121
category.ChineseArt.49.工艺,59.656121
category.ChineseArt.28.带领,66.195803
category.ChineseArt.30.庄园,140.042543
category.ChineseArt.0.彰显,59.656121
category.ChineseArt.50.影片,70.021271
category.ChineseArt.11.探索,227.168752
category.ChineseArt.43.时尚,58.201746
category.ChineseArt.3.时装,210.063814
category.ChineseArt.43.查茨沃斯,210.063814
category.ChineseArt.23.潮流,70.021271
category.ChineseArt.24.短片,61.376283
category.ChineseArt.46.第三集,140.042543
category.ChineseArt.8.精湛,63.481590
category.ChineseArt.43.观者,146.745362
category.ChineseArt.35.观赏,66.195803
category.ChineseArt.34.订制,70.021271
category.ChineseArt.44.赛乐思,140.042543
category.ChineseArt.31.追求,61.376283
category.ChineseArt.4.非凡,126.761426
category.ChineseArt.35.风华,63.481590
category.ChineseArt.5.高级,59.656121
category.ChineseArt.9.－,162.064415
category.ChineseArt.16.14,70.751606
category.ChineseArt.43.200,229.170751
category.ChineseArt.10.9,589.842159
category.ChineseArt.45.RNA0UbB,107.251452
category.ChineseArt.29.RNA0Ubr,107.251452
category.ChineseArt.4.中国书画,1504.983778
category.ChineseArt.46.书画名家,107.251452
category.ChineseArt.47.公开,75.498889
category.ChineseArt.44.册页,201.073068
category.ChineseArt.14.图录,190.038701
category.ChineseArt.18.张大千,906.110862
category.ChineseArt.18.扇面,107.251452
category.ChineseArt.6.手卷,306.485590
category.ChineseArt.7.日起,91.375170
category.ChineseArt.16.注册,87.217815
category.ChineseArt.37.王,189.059155
category.ChineseArt.42.画作,416.276803
category.ChineseArt.31.立轴,107.251452
category.ChineseArt.5.精彩,191.775708
category.ChineseArt.5.网拍,97.234633
category.ChineseArt.33.翚,107.251452
category.ChineseArt.36.董其昌,236.008569
category.ChineseArt.41.黄宾虹,306.705006
category.ChineseArt.3.齐聚,97.234633
category.ChineseArt.34.10,473.852619
category.ChineseArt.14.2,660.412011
category.ChineseArt.18.2017,274.440112
category.ChineseArt.18.‧,66.240995
category.ChineseArt.17.一览,134.414817
category.ChineseArt.8.两幅,77.962339
category.ChineseArt.42.为首,85.993784
category.ChineseArt.36.今秋,235.977334
category.ChineseArt.28.傅抱石,574.500078
category.ChineseArt.28.其父,85.993784
category.ChineseArt.23.写下,77.962339
category.ChineseArt.25.列传,85.993784
category.ChineseArt.2.后汉书,85.993784
category.ChineseArt.33.四十年代,85.993784
category.ChineseArt.39.夜渡,171.987567
category.ChineseArt.43.开启,565.155772
category.ChineseArt.3.微信,613.922323
category.ChineseArt.48.故实,85.993784
category.ChineseArt.41.本作,81.295690
category.ChineseArt.11.本幅,248.751792
category.ChineseArt.11.杜安之嘱,85.993784
category.ChineseArt.37.杰构,85.993784
category.ChineseArt.42.欧洲,109.231616
category.ChineseArt.9.此作,77.962339
category.ChineseArt.23.段,81.295690
category.ChineseArt.16.法籍,85.993784
category.ChineseArt.3.渊源,85.993784
category.ChineseArt.18.珍藏,556.708815
category.ChineseArt.35.画家,73.264245
category.ChineseArt.24.私人,243.637823
category.ChineseArt.41.秋,1418.485934
category.ChineseArt.50.而制,85.993784
category.ChineseArt.11.西山,171.987567
category.ChineseArt.14.越南人,85.993784
category.ChineseArt.44.##,507.472249
category.ChineseArt.3.|,103.682771
category.ChineseArt.34.专场,180.654207
category.ChineseArt.2.专题,291.700787
category.ChineseArt.25.东亚地区,67.969316
category.ChineseArt.34.丝绸之路,67.969316
category.ChineseArt.34.主题,267.860859
category.ChineseArt.5.体会,67.969316
category.ChineseArt.26.全球,180.476551
category.ChineseArt.0.千变万化,142.338107
category.ChineseArt.29.历史,44.478784
category.ChineseArt.17.合,128.511903
category.ChineseArt.9.墨艺,135.938632
category.ChineseArt.3.多位,59.577666
category.ChineseArt.7.大师,590.081764
category.ChineseArt.22.展示,118.696086
category.ChineseArt.34.技法,148.740106
category.ChineseArt.1.来自,238.667327
category.ChineseArt.51.汇集,61.621278
category.ChineseArt.20.深义,67.969316
category.ChineseArt.28.灵感,215.262733
category.ChineseArt.50.现身,130.290021
category.ChineseArt.20.笔墨,67.969316
category.ChineseArt.23.融汇,67.969316
category.ChineseArt.1.邻近,67.969316
category.ChineseArt.37.闻名遐迩,67.969316
category.ChineseArt.4.革新,67.969316
category.ChineseArt.47.风格各异,133.913661
category.ChineseArt.31.一百一十,85.140701
category.ChineseArt.10.专家,418.718731
category.ChineseArt.51.书法,474.837692
category.ChineseArt.11.书画作品,85.140701
category.ChineseArt.8.元明清,85.140701
category.ChineseArt.9.大部分,72.537443
category.ChineseArt.51.市场,40.611479
category.ChineseArt.38.拍品,735.483650
category.ChineseArt.17.推介,72.537443
category.ChineseArt.48.未,63.667424
category.ChineseArt.37.本场,230.502867
category.ChineseArt.0.涵盖,172.610425
category.ChineseArt.36.焦点,153.835320
category.ChineseArt.22.珍宝,85.140701
category.ChineseArt.16.皆,373.319273
category.ChineseArt.50.精品,489.961003
category.ChineseArt.11.见诸于,85.140701
category.ChineseArt.2.选,141.538058
category.ChineseArt.42.部,315.707399
category.ChineseArt.42.上,91.902963
category.ChineseArt.16.云,79.455558
category.ChineseArt.28.何兆骥,238.366674
category.ChineseArt.11.佳品,79.455558
category.ChineseArt.19.先生,396.410582
category.ChineseArt.14.包罗,75.114667
category.ChineseArt.3.十五件,79.455558
category.ChineseArt.9.受,187.364868
category.ChineseArt.34.唐,72.034755
category.ChineseArt.10.四首,79.455558
category.ChineseArt.24.委托,156.668517
category.ChineseArt.35.宋拓,79.455558
category.ChineseArt.18.家具,135.321522
category.ChineseArt.42.家族,251.407696
category.ChineseArt.5.将军,79.455558
category.ChineseArt.37.尤其,72.034755
category.ChineseArt.20.巨幅,75.114667
category.ChineseArt.6.当中,63.352972
category.ChineseArt.29.很,44.574521
category.ChineseArt.3.忆,75.114667
category.ChineseArt.42.拍卖场,79.455558
category.ChineseArt.13.文化,189.983794
category.ChineseArt.5.文徵明,79.455558
category.ChineseArt.31.昔次,79.455558
category.ChineseArt.35.最为,69.645790
category.ChineseArt.40.李思训,79.455558
category.ChineseArt.28.李邕,79.455558
category.ChineseArt.21.次,58.622730
category.ChineseArt.27.欣赏,177.894907
category.ChineseArt.2.珍品,232.341411
category.ChineseArt.38.珠宝,51.201928
category.ChineseArt.23.瞩目,124.132166
category.ChineseArt.13.石亭,79.455558
category.ChineseArt.13.碑,79.455558
category.ChineseArt.0.精选,577.155197
category.ChineseArt.33.荣幸,75.114667
category.ChineseArt.32.藏品,66.043533
category.ChineseArt.43.行书,138.788061
category.ChineseArt.9.难得一见,72.034755
category.ChineseArt.18.韵,79.455558
category.ChineseArt.43.麾,79.455558
category.ChineseArt.7.1931,94.718522
category.ChineseArt.5.30,184.922299
category.ChineseArt.47.上以,94.718522
category.ChineseArt.11.亲题,94.718522
category.ChineseArt.21.具有,78.730123
category.ChineseArt.26.刮涂,94.718522
category.ChineseArt.13.动感,176.367561
category.ChineseArt.34.动物,94.718522
category.ChineseArt.51.反常规,94.718522
category.ChineseArt.14.女性,89.543770
category.ChineseArt.4.孤品,89.543770
category.ChineseArt.7.常玉,286.778148
category.ChineseArt.43.常玉一,94.718522
category.ChineseArt.8.年,455.178967
category.ChineseArt.39.年份,77.025928
category.ChineseArt.50.方式,71.851175
category.ChineseArt.8.晚,89.543770
category.ChineseArt.32.最早,83.024353
category.ChineseArt.21.油彩,169.904666
category.ChineseArt.12.注入,89.543770
category.ChineseArt.8.涂满,94.718522
category.ChineseArt.2.生动活泼,94.718522
category.ChineseArt.51.艺术大师,242.821693
category.ChineseArt.19.花豹,284.155566
category.ChineseArt.12.隆重,207.205381
category.ChineseArt.41.题材,137.229157
category.ChineseArt.49.魅力,85.872225
category.ChineseArt.22.一系列,166.965474
category.ChineseArt.10.三家,273.930737
category.ChineseArt.11.世纪,117.906719
category.ChineseArt.27.主人,64.957608
category.ChineseArt.23.之成,68.711521
category.ChineseArt.21.之期,68.711521
category.ChineseArt.30.五十年代,68.711521
category.ChineseArt.30.人士,48.898171
category.ChineseArt.32.余学斋,137.423042
category.ChineseArt.18.六十年代,64.957608
category.ChineseArt.2.初所赠,68.711521
category.ChineseArt.44.嗜,68.711521
category.ChineseArt.43.四十,68.711521
category.ChineseArt.33.大盛,68.711521
category.ChineseArt.2.家,109.139906
category.ChineseArt.39.当地,48.898171
category.ChineseArt.8.得名,68.711521
category.ChineseArt.17.性,151.781399
category.ChineseArt.21.所集,68.711521
category.ChineseArt.4.扇,259.830433
category.ChineseArt.18.报界,68.711521
category.ChineseArt.6.文化界,68.711521
category.ChineseArt.7.旧藏,194.814985
category.ChineseArt.23.本季,352.895681
category.ChineseArt.5.本辑,68.711521
category.ChineseArt.50.渡海,273.930737
category.ChineseArt.14.相配,68.711521
category.ChineseArt.5.讲究,62.294165
category.ChineseArt.44.选料,68.711521
category.ChineseArt.33.郑德芬,68.711521
category.ChineseArt.48.信札,239.471709
category.ChineseArt.44.元代,415.791198
category.ChineseArt.45.张雨,239.471709
category.ChineseArt.1.捷報,239.471709
category.ChineseArt.51.致伯清,239.471709
category.ChineseArt.21.1932,86.160412
category.ChineseArt.48.530,91.139640
category.ChineseArt.33.85,152.497402
category.ChineseArt.20.万港元,194.115122
category.ChineseArt.4.世界,95.753426
category.ChineseArt.4.两米,91.139640
category.ChineseArt.13.之轮,91.139640
category.ChineseArt.15.亿,119.741277
category.ChineseArt.1.出于,154.598085
category.ChineseArt.16.别具,91.139640
category.ChineseArt.40.刷新,70.204846
category.ChineseArt.9.华人,159.774656
category.ChineseArt.51.博物馆,77.648367
category.ChineseArt.32.大展,91.139640
category.ChineseArt.21.尺幅,79.887328
category.ChineseArt.42.工业,77.648367
category.ChineseArt.0.市,86.160412
category.ChineseArt.43.意义,79.887328
category.ChineseArt.6.成交,431.160424
category.ChineseArt.36.捷报,91.139640
category.ChineseArt.40.旅美,91.139640
category.ChineseArt.30.晚间,375.775981
category.ChineseArt.42.朱沅芷,91.139640
category.ChineseArt.30.树立,91.139640
category.ChineseArt.2.正在,53.180756
category.ChineseArt.14.纪录,254.049993
category.ChineseArt.49.而作,91.139640
category.ChineseArt.3.释,91.139640
category.ChineseArt.46.重新,72.669140
category.ChineseArt.10.首度,75.755353
category.ChineseArt.34.高,197.423633
category.ChineseArt.10.12,94.103618
category.ChineseArt.31.七件,96.218278
category.ChineseArt.27.不落俗套,96.218278
category.ChineseArt.47.之手,167.948739
category.ChineseArt.23.亲朋好友,96.218278
category.ChineseArt.5.充满,70.990354
category.ChineseArt.17.准备,153.437068
category.ChineseArt.15.出自,147.707198
category.ChineseArt.46.国际,173.631200
category.ChineseArt.32.圣诞礼物,192.436557
category.ChineseArt.0.圣诞节,96.218278
category.ChineseArt.29.完美,70.990354
category.ChineseArt.0.小型,87.231911
category.ChineseArt.42.推荐,84.338946
category.ChineseArt.1.无,131.832351
category.ChineseArt.11.欣然,96.218278
category.ChineseArt.38.正为,87.231911
category.ChineseArt.34.气息,81.975222
category.ChineseArt.18.浓浓的,90.961590
category.ChineseArt.6.清单,81.975222
category.ChineseArt.44.点评,175.513868
category.ChineseArt.4.烦恼,90.961590
category.ChineseArt.41.版画,81.975222
category.ChineseArt.25.界,87.231911
category.ChineseArt.23.知名,173.765439
category.ChineseArt.9.礼品,90.961590
category.ChineseArt.24.礼物,87.231911
category.ChineseArt.41.篇,87.231911
category.ChineseArt.9.精心,140.149601
category.ChineseArt.11.藏家,466.750625
category.ChineseArt.48.设计,57.708077
category.ChineseArt.29.赶快,144.006792
category.ChineseArt.4.雕塑,76.718534
category.ChineseArt.29.2018,296.123791
category.ChineseArt.48.300,115.960873
category.ChineseArt.0.4,268.017138
category.ChineseArt.33.7.3,76.227596
category.ChineseArt.42.三大,129.887464
category.ChineseArt.47.中心,201.673683
category.ChineseArt.35.主席,54.869620
category.ChineseArt.6.主管,201.213098
category.ChineseArt.16.亲自,283.200830
category.ChineseArt.40.亿港元,61.988945
category.ChineseArt.16.仇国仕,138.216541
category.ChineseArt.26.今天,181.673348
category.ChineseArt.51.介绍,228.513204
category.ChineseArt.46.会议展览,242.652542
category.ChineseArt.2.估价,603.464142
category.ChineseArt.0.六场,72.063057
category.ChineseArt.3.分別,76.227596
category.ChineseArt.26.台山,76.227596
category.ChineseArt.19.合共,72.063057
category.ChineseArt.32.多经,76.227596
category.ChineseArt.2.大,40.008293
category.ChineseArt.16.媒体,233.222798
category.ChineseArt.37.年春,247.206780
category.ChineseArt.8.开光,76.227596
category.ChineseArt.49.彩,66.816360
category.ChineseArt.23.御制,66.816360
category.ChineseArt.33.日于,248.191059
category.ChineseArt.15.明宣德,76.227596
category.ChineseArt.4.波罗蜜,76.227596
category.ChineseArt.47.清康熙,76.227596
category.ChineseArt.38.率先,60.779194
category.ChineseArt.49.现场,52.076585
category.ChineseArt.26.珐琅,69.108270
category.ChineseArt.39.瑞景,76.227596
category.ChineseArt.45.盌,76.227596
category.ChineseArt.17.直击,63.360448
category.ChineseArt.33.粉红,66.816360
category.ChineseArt.11.般若,76.227596
category.ChineseArt.19.艺术品,284.194728
category.ChineseArt.26.花卉,76.227596
category.ChineseArt.48.花絮,66.816360
category.ChineseArt.28.近,296.721546
category.ChineseArt.49.重器,69.108270
category.ChineseArt.49.钱维城,76.227596
category.ChineseArt.28.预览,63.360448
category.ChineseArt.14.七十,72.392699
category.ChineseArt.17.万卷楼,217.178097
category.ChineseArt.41.之子,72.392699
category.ChineseArt.4.五十,217.178097
category.ChineseArt.48.佳作,278.556109
category.ChineseArt.15.培樾,72.392699
category.ChineseArt.27.寿诞,72.392699
category.ChineseArt.44.已,88.303698
category.ChineseArt.13.度释,72.392699
category.ChineseArt.18.收藏,260.320929
category.ChineseArt.24.晋寿,72.392699
category.ChineseArt.15.本乃伯骥,72.392699
category.ChineseArt.47.此次,50.960321
category.ChineseArt.32.第四,63.454928
category.ChineseArt.41.绘制,155.878524
category.ChineseArt.5.莫伯骥,72.392699
category.ChineseArt.45.藏书家,72.392699
category.ChineseArt.21.详情,54.915347
category.ChineseArt.0.请开,72.392699
category.ChineseArt.46.贺,72.392699
category.ChineseArt.28.铭心,144.785398
category.ChineseArt.47.青山,72.392699
category.ChineseArt.41.面世,65.631536
category.ChineseArt.1.一袭,66.353969
category.ChineseArt.2.一路,55.153480
category.ChineseArt.17.中西,62.728856
category.ChineseArt.15.为主,56.531684
category.ChineseArt.42.之意,60.156797
category.ChineseArt.31.亦,120.944471
category.ChineseArt.44.亭台楼阁,66.353969
category.ChineseArt.14.人物,58.161754
category.ChineseArt.8.人间,62.728856
category.ChineseArt.51.仕女,162.070371
category.ChineseArt.23.以意,66.353969
category.ChineseArt.11.似多,66.353969
category.ChineseArt.42.僧人,66.353969
category.ChineseArt.42.僧袍,66.353969
category.ChineseArt.49.八幅,66.353969
category.ChineseArt.28.具年款,66.353969
category.ChineseArt.14.再现,125.457712
category.ChineseArt.30.几无,66.353969
category.ChineseArt.21.取,58.161754
category.ChineseArt.16.取胜,66.353969
category.ChineseArt.37.墨,125.457712
category.ChineseArt.20.多取,66.353969
category.ChineseArt.30.尺寸,117.342897
category.ChineseArt.29.山水,189.131106
category.ChineseArt.4.廿二,66.353969
category.ChineseArt.31.形象,60.156797
category.ChineseArt.14.拘于,66.353969
category.ChineseArt.27.插,56.531684
category.ChineseArt.0.旧,60.156797
category.ChineseArt.44.晚清,60.156797
category.ChineseArt.19.普行,66.353969
category.ChineseArt.36.曼殊,132.707938
category.ChineseArt.18.有所,50.334513
category.ChineseArt.8.树木,147.213011
category.ChineseArt.34.澹,66.353969
category.ChineseArt.24.然,66.353969
category.ChineseArt.39.玅,132.707938
category.ChineseArt.16.画,196.455714
category.ChineseArt.32.画艺,146.658366
category.ChineseArt.25.画谱,66.353969
category.ChineseArt.18.皴擦,66.353969
category.ChineseArt.28.破,198.081252
category.ChineseArt.15.竟分,66.353969
category.ChineseArt.51.纯乃心,66.353969
category.ChineseArt.5.绝不,60.156797
category.ChineseArt.45.绢本,66.353969
category.ChineseArt.5.自况,66.353969
category.ChineseArt.9.芒鞋,66.353969
category.ChineseArt.4.萧疏,66.353969
category.ChineseArt.12.行云流水,66.353969
category.ChineseArt.34.远,58.161754
category.ChineseArt.46.钵,62.728856
category.ChineseArt.32.间,53.959626
category.ChineseArt.25.阴阳,66.353969
category.ChineseArt.15.23,96.963272
category.ChineseArt.37.24,96.963272
category.ChineseArt.6.一件,116.592270
category.ChineseArt.13.一睹,146.910178
category.ChineseArt.4.七古,67.353092
category.ChineseArt.31.三章,67.353092
category.ChineseArt.9.严幼韵,134.706184
category.ChineseArt.40.中岁,67.353092
category.ChineseArt.22.六屏,67.353092
category.ChineseArt.33.冯,63.673394
category.ChineseArt.39.名人,63.673394
category.ChineseArt.3.周,459.511704
category.ChineseArt.39.周聚萃,67.353092
category.ChineseArt.11.夫妇,223.935810
category.ChineseArt.8.小,46.013769
category.ChineseArt.17.批,67.353092
category.ChineseArt.13.推出,452.230450
category.ChineseArt.38.日及,63.673394
category.ChineseArt.35.曾国藩,67.353092
category.ChineseArt.26.期间,404.852097
category.ChineseArt.22.李瀚章,67.353092
category.ChineseArt.47.李鸿章,67.353092
category.ChineseArt.22.民国,67.353092
category.ChineseArt.28.海外,297.989133
category.ChineseArt.19.烟江,67.353092
category.ChineseArt.37.独钓,67.353092
category.ChineseArt.21.经典收藏,67.353092
category.ChineseArt.24.苏轼,67.353092
category.ChineseArt.14.谢寿康,67.353092
category.ChineseArt.12.赠,67.353092
category.ChineseArt.43.赠予,63.673394
category.ChineseArt.20.超然,67.353092
category.ChineseArt.13.部将,63.673394
category.ChineseArt.20.镜框,134.706184
category.ChineseArt.31.长兄,67.353092
category.ChineseArt.3.陈立夫,67.353092
category.ChineseArt.28.青绿,148.157549
category.ChineseArt.25.顾氏,134.706184
category.ChineseArt.29.顾维钧,134.706184
category.ChineseArt.5.风采,63.673394
category.ChineseArt.18.│,324.139566
category.ChineseArt.33.丽质,105.082480
category.ChineseArt.21.凝思,105.082480
category.ChineseArt.41.双柳,105.082480
category.ChineseArt.2.届时,167.437561
category.ChineseArt.11.柳荫,105.082480
category.ChineseArt.33.湘夫人,105.082480
category.ChineseArt.48.秀色,105.082480
category.ChineseArt.8.笔下,183.509465
category.ChineseArt.27.簃,105.082480
category.ChineseArt.42.美人,105.082480
category.ChineseArt.27.芳容,105.082480
category.ChineseArt.22.郑午昌,105.082480
category.ChineseArt.29.─,125.552031
category.ChineseArt.4.一九四九年,73.683242
category.ChineseArt.6.三人于,73.683242
category.ChineseArt.35.享名,73.683242
category.ChineseArt.29.人,147.690004
category.ChineseArt.9.今年,111.533998
category.ChineseArt.39.仝好,73.683242
category.ChineseArt.38.变易,73.683242
category.ChineseArt.25.台者,73.683242
category.ChineseArt.31.各有,73.683242
category.ChineseArt.16.合称,73.683242
category.ChineseArt.31.帧,73.683242
category.ChineseArt.0.政局,73.683242
category.ChineseArt.40.早,64.586138
category.ChineseArt.46.春天,66.801549
category.ChineseArt.51.溥儒,147.366485
category.ChineseArt.35.现集,73.683242
category.ChineseArt.25.甚,69.657709
category.ChineseArt.35.精专,73.683242
category.ChineseArt.38.背景,142.712277
category.ChineseArt.19.艺事,153.587219
category.ChineseArt.41.艺坛,73.683242
category.ChineseArt.26.赴,69.657709
category.ChineseArt.15.部份,73.683242
category.ChineseArt.21.飨,73.683242
category.ChineseArt.32.黄君璧,147.366485
category.ChineseArt.24.864,142.396099
category.ChineseArt.22.七倍,134.616580
category.ChineseArt.30.仿,142.396099
category.ChineseArt.22.图书,134.616580
category.ChineseArt.22.嶂,142.396099
category.ChineseArt.46.明代,134.616580
category.ChineseArt.25.最高,157.300449
category.ChineseArt.8.烟江迭,142.396099
category.ChineseArt.47.画卷,134.616580
category.ChineseArt.50.米芾,142.396099
category.ChineseArt.23.荣登,142.396099
category.ChineseArt.39.RnBu04c,96.358057
category.ChineseArt.30.东南亚,96.358057
category.ChineseArt.38.信息,235.126583
category.ChineseArt.21.倒计时,75.462045
category.ChineseArt.8.四场,171.403059
category.ChineseArt.5.心仪,82.094310
category.ChineseArt.42.掌握,91.093733
category.ChineseArt.16.明日,204.947362
category.ChineseArt.1.第三天,96.358057
category.ChineseArt.18.行程,87.358635
category.ChineseArt.0.觅得,84.461468
category.ChineseArt.16.踏入,91.093733
category.ChineseArt.37.1996,78.209915
category.ChineseArt.39.2008,73.496901
category.ChineseArt.38.2011,75.616156
category.ChineseArt.20.万里,86.266864
category.ChineseArt.30.专责,86.266864
category.ChineseArt.36.出任,86.266864
category.ChineseArt.42.刷新纪录,86.266864
category.ChineseArt.14.加盟,86.266864
category.ChineseArt.37.吴冠中,86.266864
category.ChineseArt.44.多项,81.553851
category.ChineseArt.14.工作,60.098477
category.ChineseArt.48.张,132.902696
category.ChineseArt.2.张宗宪,86.266864
category.ChineseArt.1.成功,56.452609
category.ChineseArt.47.搜集,78.209915
category.ChineseArt.31.曾,218.725914
category.ChineseArt.8.梅云堂,86.266864
category.ChineseArt.26.筹划,86.266864
category.ChineseArt.45.藏,71.705097
category.ChineseArt.21.超群,172.533728
category.ChineseArt.38.近代,86.266864
category.ChineseArt.41.鉴定,86.266864
category.ChineseArt.18.长江,86.266864
category.ChineseArt.18.项目,123.573594
category.ChineseArt.25.!,297.925947
category.ChineseArt.33.27,88.685347
category.ChineseArt.1.«,120.201562
category.ChineseArt.24.»,120.201562
category.ChineseArt.10.东方文化,120.201562
category.ChineseArt.14.会,56.206703
category.ChineseArt.35.北京,221.311758
category.ChineseArt.10.即将,77.459045
category.ChineseArt.8.历史性,108.975260
category.ChineseArt.12.子公司,108.975260
category.ChineseArt.7.宣布,259.546091
category.ChineseArt.12.开槌,120.201562
category.ChineseArt.26.形式,293.802278
category.ChineseArt.16.影子,105.361198
category.ChineseArt.12.怀庆,120.201562
category.ChineseArt.14.旗下,88.685347
category.ChineseArt.1.有限公司,99.911649
category.ChineseArt.21.正式,190.202602
category.ChineseArt.18.独树一格,120.201562
category.ChineseArt.51.綜合,120.201562
category.ChineseArt.49.苏富比,108.975260
category.ChineseArt.10.西方,161.730301
category.ChineseArt.10.首,105.361198
category.ChineseArt.16.发紫,189.897560
category.ChineseArt.5.可谓,154.426351
category.ChineseArt.46.弥生,172.161956
category.ChineseArt.32.瑜,189.897560
category.ChineseArt.51.红到,189.897560
category.ChineseArt.33.艺术部,179.522897
category.ChineseArt.24.草间,172.161956
category.ChineseArt.35.资深,313.480182
category.ChineseArt.35.黄杰,189.897560
category.ChineseArt.15.2013,275.803150
category.ChineseArt.20.写实,221.640774
category.ChineseArt.22.四十周年,221.640774
category.ChineseArt.0.陈逸飞,221.640774
category.ChineseArt.21.140,61.499697
category.ChineseArt.24.80,55.423957
category.ChineseArt.19.90,55.423957
category.ChineseArt.17.s,114.044172
category.ChineseArt.43.’,114.044172
category.ChineseArt.34.『,307.498483
category.ChineseArt.18.』,307.498483
category.ChineseArt.44.二十世纪,394.048875
category.ChineseArt.6.余件,58.978037
category.ChineseArt.25.先,50.946347
category.ChineseArt.35.四个,55.423957
category.ChineseArt.4.大家,532.100193
category.ChineseArt.7.征集,65.053776
category.ChineseArt.41.新潮,65.053776
category.ChineseArt.8.杰出,57.022086
category.ChineseArt.50.社会,108.095170
category.ChineseArt.32.转型期,65.053776
category.ChineseArt.38.六位,261.799204
category.ChineseArt.12.前,143.017173
category.ChineseArt.43.现时,261.799204
category.ChineseArt.5.赵无极,447.278998
category.ChineseArt.50.五福临门,272.542262
category.ChineseArt.7.新春快乐,272.542262
category.ChineseArt.2.祝,272.542262
category.ChineseArt.35.马年,257.652475
category.ChineseArt.0.120,195.382144
category.ChineseArt.35.一批,111.043280
category.ChineseArt.44.丹青,117.460493
category.ChineseArt.42.佳士得,2257.700438
category.ChineseArt.49.值得一提的是,106.490195
category.ChineseArt.1.关注,320.237354
category.ChineseArt.46.别出心裁,106.490195
category.ChineseArt.12.包罗万象,117.460493
category.ChineseArt.51.受到,84.549599
category.ChineseArt.46.多件,171.922464
category.ChineseArt.51.女画家,117.460493
category.ChineseArt.8.妙笔,117.460493
category.ChineseArt.51.学术界,117.460493
category.ChineseArt.26.收藏界,117.460493
category.ChineseArt.25.日益,111.043280
category.ChineseArt.16.此类,106.490195
category.ChineseArt.27.汇聚,210.724360
category.ChineseArt.17.目不暇给,117.460493
category.ChineseArt.11.15,197.820783
category.ChineseArt.46.28,296.976566
category.ChineseArt.40.6,161.188193
category.ChineseArt.49.”,441.725860
category.ChineseArt.35.上海,578.381321
category.ChineseArt.19.东西,163.132196
category.ChineseArt.9.举办,141.213117
category.ChineseArt.25.位于,282.255243
category.ChineseArt.37.使命,189.643569
category.ChineseArt.26.力作,303.865763
category.ChineseArt.23.十余载,262.953049
category.ChineseArt.22.安培,262.953049
category.ChineseArt.7.巡回展,189.643569
category.ChineseArt.44.持续,138.365270
category.ChineseArt.25.推广,170.908112
category.ChineseArt.10.揭幕,170.908112
category.ChineseArt.7.搭建,181.867652
category.ChineseArt.50.最新,242.854417
category.ChineseArt.41.桥梁,181.867652
category.ChineseArt.25.洋行,262.953049
category.ChineseArt.38.秉承,189.643569
category.ChineseArt.36.立语,262.953049
category.ChineseArt.12.经典作品,189.643569
category.ChineseArt.19.罗中立,525.906098
category.ChineseArt.4.行艺,262.953049
category.ChineseArt.25.首站,181.867652
category.ChineseArt.49.2015,345.174069
category.ChineseArt.43.一雄,113.914070
category.ChineseArt.30.不羁,113.914070
category.ChineseArt.0.之作外,113.914070
category.ChineseArt.39.具体,94.685480
category.ChineseArt.45.广泛,97.051530
category.ChineseArt.41.敦子,113.914070
category.ChineseArt.38.本次,92.635914
category.ChineseArt.4.朱德,107.690608
category.ChineseArt.48.李禹焕,113.914070
category.ChineseArt.46.松谷,113.914070
category.ChineseArt.16.武判,113.914070
category.ChineseArt.5.田中,113.914070
category.ChineseArt.32.画派,107.690608
category.ChineseArt.50.白发,113.914070
category.ChineseArt.37.群,107.690608
category.ChineseArt.7.部门,85.183882
category.ChineseArt.11.韩国现代,113.914070
category.ChineseArt.44.代表作品,89.438570
category.ChineseArt.39.创新,141.879636
category.ChineseArt.31.到访,89.438570
category.ChineseArt.47.历程,78.396276
category.ChineseArt.33.参与,74.341422
category.ChineseArt.8.呼应,84.552277
category.ChineseArt.10.回溯,89.438570
category.ChineseArt.50.导览,89.438570
category.ChineseArt.11.广大,141.967929
category.ChineseArt.23.开展,67.845932
category.ChineseArt.34.时期,399.975253
category.ChineseArt.19.昨日,125.959904
category.ChineseArt.31.沙龙,89.438570
category.ChineseArt.13.活动,142.802985
category.ChineseArt.5.点滴,84.552277
category.ChineseArt.29.爱好者,137.041823
category.ChineseArt.38.相,81.085397
category.ChineseArt.22.突破,133.107409
category.ChineseArt.28.精心策划,89.438570
category.ChineseArt.24.论坛,143.066787
category.ChineseArt.3.还,131.646372
category.ChineseArt.50.隆重开幕,89.438570
category.ChineseArt.46.首日,78.396276
category.ChineseArt.49.102,86.720176
category.ChineseArt.4.11,290.386101
category.ChineseArt.37.18,232.929330
category.ChineseArt.30.1929,86.720176
category.ChineseArt.38.2161,86.720176
category.ChineseArt.32.558,86.720176
category.ChineseArt.42.万,674.058284
category.ChineseArt.13.万美元,62.422316
category.ChineseArt.14.五百,86.720176
category.ChineseArt.9.圆满,73.883111
category.ChineseArt.6.太平,86.720176
category.ChineseArt.43.奁,86.720176
category.ChineseArt.41.山居,86.720176
category.ChineseArt.32.巴黎,67.914215
category.ChineseArt.44.成交额,70.521603
category.ChineseArt.45.播报,76.013502
category.ChineseArt.22.有象,86.720176
category.ChineseArt.42.欧元,486.729274
category.ChineseArt.13.清乾隆,76.013502
category.ChineseArt.16.白玉,86.720176
category.ChineseArt.30.米长,86.720176
category.ChineseArt.31.罗汉,86.720176
category.ChineseArt.42.落槌,246.685771
category.ChineseArt.27.读书,78.620889
category.ChineseArt.19.达到,116.123224
category.ChineseArt.40.金刚,81.982397
category.ChineseArt.30.钮盖,86.720176
category.ChineseArt.30.顾铨,86.720176
category.ChineseArt.6.+,260.167565
category.ChineseArt.16.86,349.394635
category.ChineseArt.17.First,247.771419
category.ChineseArt.6.Open,247.771419
category.ChineseArt.13.中文名,91.029523
category.ChineseArt.3.之上,162.220784
category.ChineseArt.30.今日,249.879526
category.ChineseArt.0.前瞻,91.029523
category.ChineseArt.42.区码,96.290137
category.ChineseArt.10.命名,91.029523
category.ChineseArt.16.国家,63.520650
category.ChineseArt.22.多种形式,96.290137
category.ChineseArt.25.完整,82.036444
category.ChineseArt.29.平台,74.172274
category.ChineseArt.51.开创,96.290137
category.ChineseArt.25.承诺,96.290137
category.ChineseArt.50.旨在,84.401933
category.ChineseArt.15.来源于,91.029523
category.ChineseArt.14.梳理,87.297058
category.ChineseArt.18.概念,78.303979
category.ChineseArt.44.洽购,80.036451
category.ChineseArt.13.眼光,96.290137
category.ChineseArt.0.视角,91.029523
category.ChineseArt.27.讲座,172.841516
category.ChineseArt.40.这一,149.680356
category.ChineseArt.47.长期,72.004869
category.ChineseArt.6.门类,96.290137
category.ChineseArt.38.上线,75.402002
category.ChineseArt.7.不断,133.058997
category.ChineseArt.8.先期,88.502972
category.ChineseArt.50.全景,80.237180
category.ChineseArt.30.兴趣,153.648211
category.ChineseArt.42.再度,67.136210
category.ChineseArt.21.吸引,134.859810
category.ChineseArt.46.当下,75.402002
category.ChineseArt.25.思维,80.237180
category.ChineseArt.16.新兴,69.310398
category.ChineseArt.46.活力,83.667794
category.ChineseArt.24.焕发,80.237180
category.ChineseArt.26.爆发,88.502972
category.ChineseArt.38.策展,88.502972
category.ChineseArt.50.经济,49.200061
category.ChineseArt.26.群体,73.563753
category.ChineseArt.16.能量,75.402002
category.ChineseArt.49.视频,31.612477
category.ChineseArt.51.转型,71.971388
category.ChineseArt.37.一次次,83.730822
category.ChineseArt.42.三十余载,83.730822
category.ChineseArt.48.之殇,83.730822
category.ChineseArt.12.交界处,83.730822
category.ChineseArt.37.人生,66.761805
category.ChineseArt.35.仇晓飞,167.461644
category.ChineseArt.46.伤痛,83.730822
category.ChineseArt.28.僵硬,167.461644
category.ChineseArt.10.凹凸,83.730822
category.ChineseArt.41.厚重,75.910728
category.ChineseArt.39.后,44.113529
category.ChineseArt.12.品,75.910728
category.ChineseArt.3.唤醒,83.730822
category.ChineseArt.40.堆栈,79.156360
category.ChineseArt.21.层,79.156360
category.ChineseArt.6.层层,75.910728
category.ChineseArt.1.干涸,83.730822
category.ChineseArt.4.形成,71.336266
category.ChineseArt.18.情感,75.910728
category.ChineseArt.13.感情,83.730822
category.ChineseArt.24.拍拍,75.910728
category.ChineseArt.7.斑驳,83.730822
category.ChineseArt.42.方法,71.336266
category.ChineseArt.49.极为,73.393220
category.ChineseArt.23.每幅,83.730822
category.ChineseArt.26.深刻,145.935756
category.ChineseArt.12.深处,83.730822
category.ChineseArt.23.特殊,75.910728
category.ChineseArt.20.石灰,83.730822
category.ChineseArt.14.积聚,83.730822
category.ChineseArt.2.粗糙,83.730822
category.ChineseArt.3.经历,60.998665
category.ChineseArt.27.肌理,79.156360
category.ChineseArt.2.肢,167.461644
category.ChineseArt.49.般的,75.910728
category.ChineseArt.21.色块,83.730822
category.ChineseArt.15.落,83.730822
category.ChineseArt.26.蓝,69.597137
category.ChineseArt.40.那种,79.156360
category.ChineseArt.18.非,65.573126
category.ChineseArt.49.黑,69.597137
category.ChineseArt.33.508,196.535512
category.ChineseArt.9.总成交,196.535512
category.ChineseArt.43.日收,196.535512
category.ChineseArt.11.槌,196.535512
category.ChineseArt.44.00,84.982167
category.ChineseArt.9.29,74.251383
category.ChineseArt.38.Benjamin,100.759395
category.ChineseArt.16.Peronnet,100.759395
category.ChineseArt.13.“,310.248154
category.ChineseArt.21.一场,273.948086
category.ChineseArt.40.下午,145.292079
category.ChineseArt.29.会展中心,90.805073
category.ChineseArt.16.体验,75.848700
category.ChineseArt.26.刘丹,100.759395
category.ChineseArt.3.历久弥新,100.759395
category.ChineseArt.10.古典,84.982167
category.ChineseArt.50.季秋,100.759395
category.ChineseArt.31.展区,100.759395
category.ChineseArt.6.带来,63.205823
category.ChineseArt.6.文艺复兴,93.423402
category.ChineseArt.50.来宾,100.759395
category.ChineseArt.14.特别,136.708007
category.ChineseArt.24.素描,96.627978
category.ChineseArt.25.继续,179.382140
category.ChineseArt.13.Jay,91.841355
category.ChineseArt.37.Vincze,91.841355
category.ChineseArt.40.专访,69.668626
category.ChineseArt.46.令,73.228644
category.ChineseArt.42.传媒,80.502408
category.ChineseArt.5.传达,91.841355
category.ChineseArt.17.光影,86.823791
category.ChineseArt.5.分量,91.841355
category.ChineseArt.6.印象,70.745378
category.ChineseArt.8.印象派,334.164254
category.ChineseArt.17.即刻,91.841355
category.ChineseArt.39.变幻,91.841355
category.ChineseArt.17.品鉴,91.841355
category.ChineseArt.18.增加,67.761037
category.ChineseArt.28.声音,86.823791
category.ChineseArt.14.外国专家,91.841355
category.ChineseArt.16.广度,91.841355
category.ChineseArt.51.捕捉,83.263773
category.ChineseArt.44.日趋,91.841355
category.ChineseArt.44.深度,160.824838
category.ChineseArt.19.真实,76.338619
category.ChineseArt.24.笔触,83.263773
category.ChineseArt.50.艺术史,91.841355
category.ChineseArt.12.谈到,78.246208
category.ChineseArt.33.运用,83.263773
category.ChineseArt.6.近日,55.734422
category.ChineseArt.1.随性,91.841355
category.ChineseArt.15.不肯,90.093346
category.ChineseArt.0.不要,77.824341
category.ChineseArt.18.主页,99.374490
category.ChineseArt.6.亮相,59.601054
category.ChineseArt.14.优雅,150.383160
category.ChineseArt.0.可爱,82.600168
category.ChineseArt.41.君想,99.374490
category.ChineseArt.6.奔波,99.374490
category.ChineseArt.36.居,93.945369
category.ChineseArt.48.廿七,99.374490
category.ChineseArt.2.归来,198.748981
category.ChineseArt.41.忘记,99.374490
category.ChineseArt.32.旅程,93.945369
category.ChineseArt.28.石墨,99.374490
category.ChineseArt.39.神仙,99.374490
category.ChineseArt.5.腊月,99.374490
category.ChineseArt.15.艺起,99.374490
category.ChineseArt.38.贴心,99.374490
category.ChineseArt.14.身健,99.374490
category.ChineseArt.42.迎新春,93.945369
category.ChineseArt.50.途中,90.093346
category.ChineseArt.13.都,45.475591
category.ChineseArt.45.钤印,99.374490
category.ChineseArt.0.问,77.824341
category.ChineseArt.16.闲步,198.748981
category.ChineseArt.14.顺利,82.600168
category.ChineseArt.31.齐大,99.374490
category.ChineseArt.49.齐白石,360.386764
category.ChineseArt.33.亮点,230.773854
category.ChineseArt.8.恭候,156.307728
category.ChineseArt.19.接力,165.340783
category.ChineseArt.43.新老,156.307728
category.ChineseArt.45.秋季,127.361972
category.ChineseArt.41.竞投,131.832565
category.ChineseArt.9.踊跃,165.340783
category.ChineseArt.1.近现代,470.508729
category.ChineseArt.32.部分,110.929556
category.ChineseArt.42.频出,165.340783
category.ChineseArt.17.124,96.136785
category.ChineseArt.43.倪瓒,101.692549
category.ChineseArt.25.元四家,101.692549
category.ChineseArt.17.图中,101.692549
category.ChineseArt.14.山水画,180.620940
category.ChineseArt.31.开拍,151.779688
category.ChineseArt.1.收藏家,86.639144
category.ChineseArt.37.来源,82.697267
category.ChineseArt.29.清代,86.639144
category.ChineseArt.8.清晰,101.692549
category.ChineseArt.30.满足,84.526941
category.ChineseArt.23.王时敏,101.692549
category.ChineseArt.6.致力于,96.136785
category.ChineseArt.13.评论,84.526941
category.ChineseArt.33.详见,89.137351
category.ChineseArt.37.购藏,101.692549
category.ChineseArt.38.赵少昂,101.692549
category.ChineseArt.46.趣味,92.194908
category.ChineseArt.18.需求,76.044742
category.ChineseArt.23.82,121.998111
category.ChineseArt.36.一天,98.032545
category.ChineseArt.43.东西方,208.091511
category.ChineseArt.8.光临,215.630031
category.ChineseArt.25.卡尔,134.565988
category.ChineseArt.44.双联,134.565988
category.ChineseArt.41.号,196.362155
category.ChineseArt.7.在内,117.952159
category.ChineseArt.13.夏,134.565988
category.ChineseArt.48.新婚,134.565988
category.ChineseArt.15.晚年,134.565988
category.ChineseArt.28.欢迎,175.698709
category.ChineseArt.9.近距离,127.214252
category.ChineseArt.47.金宝街,127.214252
category.ChineseArt.48.预展,175.698709
category.ChineseArt.9.2.05,93.273508
category.ChineseArt.28.7000,88.177701
category.ChineseArt.19.一幅,84.562169
category.ChineseArt.32.三件,187.858781
category.ChineseArt.33.两亿,93.273508
category.ChineseArt.38.之作,77.529026
category.ChineseArt.15.人物画,93.273508
category.ChineseArt.19.仍,56.603532
category.ChineseArt.47.千秋,93.273508
category.ChineseArt.42.名韵,93.273508
category.ChineseArt.2.孔祥熙,176.355403
category.ChineseArt.25.巅峰,84.562169
category.ChineseArt.32.战报,93.273508
category.ChineseArt.28.港币,176.355403
category.ChineseArt.47.琵琶行,186.547016
category.ChineseArt.35.目前,54.143452
category.ChineseArt.12.视为,81.757744
category.ChineseArt.1.一曲,155.261694
category.ChineseArt.40.三月,140.760928
category.ChineseArt.14.天外飞仙,155.261694
category.ChineseArt.6.奏,155.261694
category.ChineseArt.33.定窑,146.779290
category.ChineseArt.23.斑碗,155.261694
category.ChineseArt.6.看,263.344773
category.ChineseArt.51.鹧鸪,155.261694
category.ChineseArt.12.黑釉,155.261694
category.ChineseArt.43.',145.774305
category.ChineseArt.8.@,159.510107
category.ChineseArt.45.一次,143.372993
category.ChineseArt.4.之邀,85.551172
category.ChineseArt.12.交流,77.561065
category.ChineseArt.47.交织,80.877259
category.ChineseArt.40.共同,66.998719
category.ChineseArt.50.向京,171.102344
category.ChineseArt.14.呈现,62.324806
category.ChineseArt.12.哲学,77.561065
category.ChineseArt.49.商业,69.570959
category.ChineseArt.39.展开,66.998719
category.ChineseArt.42.工作室,80.877259
category.ChineseArt.40.式,141.566522
category.ChineseArt.13.影响,54.334699
category.ChineseArt.12.感染,85.551172
category.ChineseArt.3.探讨,85.551172
category.ChineseArt.40.松间,85.551172
category.ChineseArt.35.梵高,161.754518
category.ChineseArt.25.生活,61.580852
category.ChineseArt.6.细节,69.570959
category.ChineseArt.24.美术馆,71.110213
category.ChineseArt.42.著名,62.324806
category.ChineseArt.13.融合,77.561065
category.ChineseArt.27.谭波,77.561065
category.ChineseArt.34.轻松,80.877259
category.ChineseArt.22.难忘,85.551172
category.ChineseArt.16.一道,70.787559
category.ChineseArt.33.不折不扣,83.929510
category.ChineseArt.40.准保,88.779813
category.ChineseArt.9.吃,147.587725
category.ChineseArt.33.名菜,83.929510
category.ChineseArt.29.大千,177.559626
category.ChineseArt.36.开列,88.779813
category.ChineseArt.48.懂,73.793863
category.ChineseArt.40.我善,88.779813
category.ChineseArt.9.拍场,331.529124
category.ChineseArt.38.最,103.118542
category.ChineseArt.41.欢迎您,88.779813
category.ChineseArt.21.烹调,88.779813
category.ChineseArt.14.爱,120.190850
category.ChineseArt.22.留言,88.779813
category.ChineseArt.18.相信,69.527203
category.ChineseArt.11.眼馋,88.779813
category.ChineseArt.33.美食家,88.779813
category.ChineseArt.34.而论,88.779813
category.ChineseArt.41.菜单,266.339439
category.ChineseArt.42.说,47.321575
category.ChineseArt.44.难得,75.637862
category.ChineseArt.8.饿,80.488165
category.ChineseArt.4.20,162.200063
category.ChineseArt.48.三幅,84.167950
category.ChineseArt.5.不知,84.167950
category.ChineseArt.9.世外桃源,89.032033
category.ChineseArt.25.之境,84.167950
category.ChineseArt.34.之魂,89.032033
category.ChineseArt.2.云山,89.032033
category.ChineseArt.35.云深,89.032033
category.ChineseArt.49.从南,89.032033
category.ChineseArt.37.再,56.952134
category.ChineseArt.38.利市三倍,178.064065
category.ChineseArt.24.却,55.043946
category.ChineseArt.35.均,60.824222
category.ChineseArt.40.处,80.716829
category.ChineseArt.39.奇观,89.032033
category.ChineseArt.5.始终,89.032033
category.ChineseArt.29.市井,89.032033
category.ChineseArt.23.意境,80.716829
category.ChineseArt.51.意象,89.032033
category.ChineseArt.25.意韵,89.032033
category.ChineseArt.42.气,89.032033
category.ChineseArt.5.烟火,89.032033
category.ChineseArt.9.自然,70.988664
category.ChineseArt.28.菩萨,178.064065
category.ChineseArt.26.观世音,178.064065
category.ChineseArt.44.轻霭,89.032033
category.ChineseArt.35.1967,78.333114
category.ChineseArt.28.50,59.444827
category.ChineseArt.33.60,81.020068
category.ChineseArt.8.代表作,84.484155
category.ChineseArt.22.作于,342.948749
category.ChineseArt.30.境界,84.484155
category.ChineseArt.8.屋顶,89.366511
category.ChineseArt.18.山峦,89.366511
category.ChineseArt.18.岩石,89.366511
category.ChineseArt.14.张氏,89.366511
category.ChineseArt.21.得心应手,89.366511
category.ChineseArt.9.晓春,89.366511
category.ChineseArt.36.晚期,178.733022
category.ChineseArt.14.极简,89.366511
category.ChineseArt.16.泼墨,178.733022
category.ChineseArt.35.泼彩,178.733022
category.ChineseArt.33.浑然天成,89.366511
category.ChineseArt.29.演译,89.366511
category.ChineseArt.32.画面,68.839006
category.ChineseArt.13.画龙点睛,89.366511
category.ChineseArt.19.石绿,89.366511
category.ChineseArt.12.石青,89.366511
category.ChineseArt.44.自成一格,89.366511
category.ChineseArt.12.超凡,89.366511
category.ChineseArt.36.达至,89.366511
category.ChineseArt.29.钩勒,89.366511
category.ChineseArt.17.取得,136.855400
category.ChineseArt.17.松鹰,196.445680
category.ChineseArt.46.17,60.454492
category.ChineseArt.41.上午,154.032839
category.ChineseArt.32.乐萨卓,84.950419
category.ChineseArt.3.众多,69.082421
category.ChineseArt.39.分别,58.594245
category.ChineseArt.3.古,74.462242
category.ChineseArt.25.周中,84.950419
category.ChineseArt.29.工艺精品,133.056487
category.ChineseArt.23.抱宝怀珍,84.950419
category.ChineseArt.19.玉雕,80.309327
category.ChineseArt.49.瓷器,106.245314
category.ChineseArt.25.青铜器,80.309327
category.ChineseArt.38.150,163.522987
category.ChineseArt.23.阿里山,205.086040
category.ChineseArt.4.by,108.772447
category.ChineseArt.38.zR73d0p,108.772447
category.ChineseArt.20.内地,81.339024
category.ChineseArt.13.前三天,108.772447
category.ChineseArt.19.口味,197.227149
category.ChineseArt.25.完成,67.685963
category.ChineseArt.40.实验,95.343148
category.ChineseArt.30.富有,102.829888
category.ChineseArt.36.市场策略,108.772447
category.ChineseArt.18.折射出,108.772447
category.ChineseArt.36.摸着石头过河,108.772447
category.ChineseArt.13.显示,69.579710
category.ChineseArt.38.杂烩,108.772447
category.ChineseArt.3.特色,102.829888
category.ChineseArt.2.自贸区,102.829888
category.ChineseArt.34.陈奕名,108.772447
category.ChineseArt.21.雅昌,102.829888
category.ChineseArt.15.首拍,271.931880
category.ChineseArt.43.*,81.245584
category.ChineseArt.3.550,81.245584
category.ChineseArt.32.580,92.689209
category.ChineseArt.46.780,185.378418
category.ChineseArt.32.880,92.689209
category.ChineseArt.33.z8kdkOf,87.625324
category.ChineseArt.33.价格,58.458648
category.ChineseArt.32.厘米,87.625324
category.ChineseArt.35.最终,63.322703
category.ChineseArt.28.梵志,175.250648
category.ChineseArt.21.此前,67.524931
category.ChineseArt.23.自行车,185.378418
category.ChineseArt.3.重点,75.375673
category.ChineseArt.44.zRKQhF6,139.455999
category.ChineseArt.51.以下,107.422929
category.ChineseArt.17.在线,115.915956
category.ChineseArt.25.线下,131.837107
category.ChineseArt.5.网上,256.523642
category.ChineseArt.11.配合,126.431417
category.ChineseArt.20.链接,105.787941
category.ChineseArt.38.1968,83.054209
category.ChineseArt.24.400,71.443580
category.ChineseArt.42.70,61.844142
category.ChineseArt.34.700,149.698070
category.ChineseArt.48.8FveTjU,87.853928
category.ChineseArt.4.Femmes,87.853928
category.ChineseArt.39.Joan,87.853928
category.ChineseArt.14.Mir,87.853928
category.ChineseArt.4.et,87.853928
category.ChineseArt.2.oiseaux,87.853928
category.ChineseArt.18.ó,87.853928
category.ChineseArt.10.万到,87.853928
category.ChineseArt.36.二月,87.853928
category.ChineseArt.34.大量,68.802104
category.ChineseArt.35.横跨,83.054209
category.ChineseArt.15.米罗,166.108418
category.ChineseArt.20.91,78.677640
category.ChineseArt.46.传统工艺,78.677640
category.ChineseArt.45.体现,63.981343
category.ChineseArt.13.十分,58.048779
category.ChineseArt.26.单独,71.329492
category.ChineseArt.48.工艺品,121.210742
category.ChineseArt.0.弘扬,78.677640
category.ChineseArt.13.明治,236.032921
category.ChineseArt.43.景泰蓝,78.677640
category.ChineseArt.48.漆器,74.379249
category.ChineseArt.17.盛行,74.379249
category.ChineseArt.27.类别,65.396928
category.ChineseArt.37.菁华,78.677640
category.ChineseArt.0.融会贯通,78.677640
category.ChineseArt.25.金属,71.329492
category.ChineseArt.32.便是,99.681080
category.ChineseArt.12.八开,105.441669
category.ChineseArt.16.十七世纪,105.441669
category.ChineseArt.30.友人,99.681080
category.ChineseArt.37.君子,105.441669
category.ChineseArt.49.周京,105.441669
category.ChineseArt.4.四幅,105.441669
category.ChineseArt.29.四篇,105.441669
category.ChineseArt.43.备受,87.643213
category.ChineseArt.42.春季,165.381567
category.ChineseArt.8.注目,105.441669
category.ChineseArt.28.画中,99.681080
category.ChineseArt.21.画册,99.681080
category.ChineseArt.9.石涛,210.883338
category.ChineseArt.27.组成,92.423596
category.ChineseArt.9.这件,89.833287
category.ChineseArt.43.2016,61.696773
category.ChineseArt.1.一代,73.243629
category.ChineseArt.43.一周,84.790486
category.ChineseArt.22.之外,88.415780
category.ChineseArt.14.五六十年代,93.525345
category.ChineseArt.23.传奇,70.946060
category.ChineseArt.24.大雅,187.050691
category.ChineseArt.27.宝,169.580971
category.ChineseArt.28.居住,88.415780
category.ChineseArt.43.心,65.155154
category.ChineseArt.12.接下来,79.680920
category.ChineseArt.34.接近,77.738354
category.ChineseArt.33.时间,52.712365
category.ChineseArt.1.曾经,72.042555
category.ChineseArt.33.珍贵,65.155154
category.ChineseArt.40.甲,169.580971
category.ChineseArt.22.策划,81.978489
category.ChineseArt.17.纪念,73.243629
category.ChineseArt.13.美术,93.525345
category.ChineseArt.47.胡同,187.050691
category.ChineseArt.19.资料,81.978489
category.ChineseArt.33.还原,93.525345
category.ChineseArt.35.重现,81.978489
