result,u_city,u_province,comments_count,created_at,likes_count,retweets_count,s_text,sid,u_name_x,uid_x,Id,cid,u_name_y,uid_y
0.0,1,11,13,13,13,13,13,13,13,13,13,13,13,13
0.0,1,12,3,3,3,3,3,3,3,3,3,3,3,3
0.0,1,13,3,3,3,3,3,3,3,3,3,3,3,3
0.0,1,14,5,5,5,5,5,5,5,5,5,5,5,5
0.0,1,15,1,1,1,1,1,1,1,1,1,1,1,1
0.0,1,21,10,10,10,10,10,10,10,10,10,10,10,10
0.0,1,22,5,5,5,5,5,5,5,5,5,5,5,5
0.0,1,23,5,5,5,5,5,5,5,5,5,5,5,5
0.0,1,31,8,8,8,8,8,8,8,8,8,8,8,8
0.0,1,32,13,13,13,13,13,13,13,13,13,13,13,13
0.0,1,33,11,11,11,11,11,11,11,11,11,11,11,11
0.0,1,34,2,2,2,2,2,2,2,2,2,2,2,2
0.0,1,35,4,4,4,4,4,4,4,4,4,4,4,4
0.0,1,36,1,1,1,1,1,1,1,1,1,1,1,1
0.0,1,37,3,3,3,3,3,3,3,3,3,3,3,3
0.0,1,41,2,2,2,2,2,2,2,2,2,2,2,2
0.0,1,42,9,9,9,9,9,9,9,9,9,9,9,9
0.0,1,43,5,5,5,5,5,5,5,5,5,5,5,5
0.0,1,44,23,23,23,23,23,23,23,23,23,23,23,23
0.0,1,45,1,1,1,1,1,1,1,1,1,1,1,1
0.0,1,51,16,16,16,16,16,16,16,16,16,16,16,16
0.0,1,52,2,2,2,2,2,2,2,2,2,2,2,2
0.0,1,53,2,2,2,2,2,2,2,2,2,2,2,2
0.0,1,54,2,2,2,2,2,2,2,2,2,2,2,2
0.0,1,61,4,4,4,4,4,4,4,4,4,4,4,4
0.0,1,65,1,1,1,1,1,1,1,1,1,1,1,1
0.0,1,81,2,2,2,2,2,2,2,2,2,2,2,2
0.0,1,400,10,10,10,10,10,10,10,10,10,10,10,10
0.0,2,11,9,9,9,9,9,9,9,9,9,9,9,9
0.0,2,21,8,8,8,8,8,8,8,8,8,8,8,8
0.0,2,32,1,1,1,1,1,1,1,1,1,1,1,1
0.0,2,33,8,8,8,8,8,8,8,8,8,8,8,8
0.0,2,34,3,3,3,3,3,3,3,3,3,3,3,3
0.0,2,35,2,2,2,2,2,2,2,2,2,2,2,2
0.0,2,37,2,2,2,2,2,2,2,2,2,2,2,2
0.0,2,41,5,5,5,5,5,5,5,5,5,5,5,5
0.0,2,46,1,1,1,1,1,1,1,1,1,1,1,1
0.0,2,65,1,1,1,1,1,1,1,1,1,1,1,1
0.0,2,81,1,1,1,1,1,1,1,1,1,1,1,1
0.0,2,400,2,2,2,2,2,2,2,2,2,2,2,2
0.0,3,21,6,6,6,6,6,6,6,6,6,6,6,6
0.0,3,31,2,2,2,2,2,2,2,2,2,2,2,2
0.0,3,32,2,2,2,2,2,2,2,2,2,2,2,2
0.0,3,33,7,7,7,7,7,7,7,7,7,7,7,7
0.0,3,37,2,2,2,2,2,2,2,2,2,2,2,2
0.0,3,41,1,1,1,1,1,1,1,1,1,1,1,1
0.0,3,44,29,29,29,29,29,29,29,29,29,29,29,29
0.0,3,50,1,1,1,1,1,1,1,1,1,1,1,1
0.0,3,64,1,1,1,1,1,1,1,1,1,1,1,1
0.0,3,82,1,1,1,1,1,1,1,1,1,1,1,1
0.0,4,12,1,1,1,1,1,1,1,1,1,1,1,1
0.0,4,13,2,2,2,2,2,2,2,2,2,2,2,2
0.0,4,31,4,4,4,4,4,4,4,4,4,4,4,4
0.0,4,32,4,4,4,4,4,4,4,4,4,4,4,4
0.0,4,33,2,2,2,2,2,2,2,2,2,2,2,2
0.0,4,44,5,5,5,5,5,5,5,5,5,5,5,5
0.0,4,50,1,1,1,1,1,1,1,1,1,1,1,1
0.0,5,11,19,19,19,19,19,19,19,19,19,19,19,19
0.0,5,12,1,1,1,1,1,1,1,1,1,1,1,1
0.0,5,31,1,1,1,1,1,1,1,1,1,1,1,1
0.0,5,32,9,9,9,9,9,9,9,9,9,9,9,9
0.0,5,35,1,1,1,1,1,1,1,1,1,1,1,1
0.0,6,11,2,2,2,2,2,2,2,2,2,2,2,2
0.0,6,31,5,5,5,5,5,5,5,5,5,5,5,5
0.0,6,33,2,2,2,2,2,2,2,2,2,2,2,2
0.0,6,35,1,1,1,1,1,1,1,1,1,1,1,1
0.0,6,37,1,1,1,1,1,1,1,1,1,1,1,1
0.0,6,43,2,2,2,2,2,2,2,2,2,2,2,2
0.0,6,44,4,4,4,4,4,4,4,4,4,4,4,4
0.0,6,50,1,1,1,1,1,1,1,1,1,1,1,1
0.0,6,82,1,1,1,1,1,1,1,1,1,1,1,1
0.0,6,400,1,1,1,1,1,1,1,1,1,1,1,1
0.0,7,11,1,1,1,1,1,1,1,1,1,1,1,1
0.0,7,33,2,2,2,2,2,2,2,2,2,2,2,2
0.0,7,37,1,1,1,1,1,1,1,1,1,1,1,1
0.0,7,50,2,2,2,2,2,2,2,2,2,2,2,2
0.0,7,61,1,1,1,1,1,1,1,1,1,1,1,1
0.0,8,11,10,10,10,10,10,10,10,10,10,10,10,10
0.0,8,21,2,2,2,2,2,2,2,2,2,2,2,2
0.0,8,44,1,1,1,1,1,1,1,1,1,1,1,1
0.0,8,50,1,1,1,1,1,1,1,1,1,1,1,1
0.0,8,51,1,1,1,1,1,1,1,1,1,1,1,1
0.0,8,61,2,2,2,2,2,2,2,2,2,2,2,2
0.0,9,14,1,1,1,1,1,1,1,1,1,1,1,1
0.0,9,31,1,1,1,1,1,1,1,1,1,1,1,1
0.0,9,32,2,2,2,2,2,2,2,2,2,2,2,2
0.0,9,33,1,1,1,1,1,1,1,1,1,1,1,1
0.0,9,42,1,1,1,1,1,1,1,1,1,1,1,1
0.0,9,44,1,1,1,1,1,1,1,1,1,1,1,1
0.0,10,34,1,1,1,1,1,1,1,1,1,1,1,1
0.0,10,36,1,1,1,1,1,1,1,1,1,1,1,1
0.0,10,71,1,1,1,1,1,1,1,1,1,1,1,1
0.0,10,400,1,1,1,1,1,1,1,1,1,1,1,1
0.0,11,42,1,1,1,1,1,1,1,1,1,1,1,1
0.0,11,400,2,2,2,2,2,2,2,2,2,2,2,2
0.0,12,11,1,1,1,1,1,1,1,1,1,1,1,1
0.0,12,31,8,8,8,8,8,8,8,8,8,8,8,8
0.0,12,32,2,2,2,2,2,2,2,2,2,2,2,2
0.0,12,43,1,1,1,1,1,1,1,1,1,1,1,1
0.0,12,44,1,1,1,1,1,1,1,1,1,1,1,1
0.0,13,11,1,1,1,1,1,1,1,1,1,1,1,1
0.0,13,12,1,1,1,1,1,1,1,1,1,1,1,1
0.0,13,31,3,3,3,3,3,3,3,3,3,3,3,3
0.0,13,34,1,1,1,1,1,1,1,1,1,1,1,1
0.0,13,41,1,1,1,1,1,1,1,1,1,1,1,1
0.0,13,44,1,1,1,1,1,1,1,1,1,1,1,1
0.0,13,51,1,1,1,1,1,1,1,1,1,1,1,1
0.0,14,44,1,1,1,1,1,1,1,1,1,1,1,1
0.0,15,11,2,2,2,2,2,2,2,2,2,2,2,2
0.0,15,12,1,1,1,1,1,1,1,1,1,1,1,1
0.0,15,31,8,8,8,8,8,8,8,8,8,8,8,8
0.0,15,41,1,1,1,1,1,1,1,1,1,1,1,1
0.0,15,44,1,1,1,1,1,1,1,1,1,1,1,1
0.0,15,50,1,1,1,1,1,1,1,1,1,1,1,1
0.0,15,51,2,2,2,2,2,2,2,2,2,2,2,2
0.0,16,400,6,6,6,6,6,6,6,6,6,6,6,6
0.0,18,44,1,1,1,1,1,1,1,1,1,1,1,1
0.0,19,44,7,7,7,7,7,7,7,7,7,7,7,7
0.0,20,44,1,1,1,1,1,1,1,1,1,1,1,1
0.0,20,51,1,1,1,1,1,1,1,1,1,1,1,1
0.0,23,54,1,1,1,1,1,1,1,1,1,1,1,1
0.0,25,15,2,2,2,2,2,2,2,2,2,2,2,2
0.0,30,31,1,1,1,1,1,1,1,1,1,1,1,1
0.0,31,43,1,1,1,1,1,1,1,1,1,1,1,1
0.0,31,400,1,1,1,1,1,1,1,1,1,1,1,1
0.0,34,51,1,1,1,1,1,1,1,1,1,1,1,1
0.0,45,400,1,1,1,1,1,1,1,1,1,1,1,1
0.0,51,44,3,3,3,3,3,3,3,3,3,3,3,3
0.0,52,44,1,1,1,1,1,1,1,1,1,1,1,1
0.0,90,71,1,1,1,1,1,1,1,1,1,1,1,1
0.0,1000,11,36,36,36,36,36,36,36,36,36,36,36,36
0.0,1000,12,1,1,1,1,1,1,1,1,1,1,1,1
0.0,1000,13,2,2,2,2,2,2,2,2,2,2,2,2
0.0,1000,21,2,2,2,2,2,2,2,2,2,2,2,2
0.0,1000,23,5,5,5,5,5,5,5,5,5,5,5,5
0.0,1000,31,19,19,19,19,19,19,19,19,19,19,19,19
0.0,1000,32,5,5,5,5,5,5,5,5,5,5,5,5
0.0,1000,33,4,4,4,4,4,4,4,4,4,4,4,4
0.0,1000,34,5,5,5,5,5,5,5,5,5,5,5,5
0.0,1000,35,2,2,2,2,2,2,2,2,2,2,2,2
0.0,1000,36,3,3,3,3,3,3,3,3,3,3,3,3
0.0,1000,37,3,3,3,3,3,3,3,3,3,3,3,3
0.0,1000,41,1,1,1,1,1,1,1,1,1,1,1,1
0.0,1000,42,1,1,1,1,1,1,1,1,1,1,1,1
0.0,1000,43,2,2,2,2,2,2,2,2,2,2,2,2
0.0,1000,44,27,27,27,27,27,27,27,27,27,27,27,27
0.0,1000,50,1,1,1,1,1,1,1,1,1,1,1,1
0.0,1000,51,1,1,1,1,1,1,1,1,1,1,1,1
0.0,1000,52,1,1,1,1,1,1,1,1,1,1,1,1
0.0,1000,53,1,1,1,1,1,1,1,1,1,1,1,1
0.0,1000,61,2,2,2,2,2,2,2,2,2,2,2,2
0.0,1000,71,1,1,1,1,1,1,1,1,1,1,1,1
0.0,1000,81,1,1,1,1,1,1,1,1,1,1,1,1
0.0,1000,82,3,3,3,3,3,3,3,3,3,3,3,3
0.0,1000,100,95,95,95,95,95,95,95,95,95,95,95,95
0.0,1000,400,12,12,12,12,12,12,12,12,12,12,12,12
1.0,1,11,3,3,3,3,3,3,3,3,3,3,3,3
1.0,1,12,2,2,2,2,2,2,2,2,2,2,2,2
1.0,1,13,1,1,1,1,1,1,1,1,1,1,1,1
1.0,1,14,1,1,1,1,1,1,1,1,1,1,1,1
1.0,1,21,1,1,1,1,1,1,1,1,1,1,1,1
1.0,1,31,2,2,2,2,2,2,2,2,2,2,2,2
1.0,1,32,5,5,5,5,5,5,5,5,5,5,5,5
1.0,1,33,5,5,5,5,5,5,5,5,5,5,5,5
1.0,1,35,2,2,2,2,2,2,2,2,2,2,2,2
1.0,1,37,1,1,1,1,1,1,1,1,1,1,1,1
1.0,1,41,6,6,6,6,6,6,6,6,6,6,6,6
1.0,1,42,3,3,3,3,3,3,3,3,3,3,3,3
1.0,1,43,3,3,3,3,3,3,3,3,3,3,3,3
1.0,1,44,7,7,7,7,7,7,7,7,7,7,7,7
1.0,1,51,6,6,6,6,6,6,6,6,6,6,6,6
1.0,1,52,1,1,1,1,1,1,1,1,1,1,1,1
1.0,1,53,1,1,1,1,1,1,1,1,1,1,1,1
1.0,1,61,2,2,2,2,2,2,2,2,2,2,2,2
1.0,1,62,1,1,1,1,1,1,1,1,1,1,1,1
1.0,1,81,1,1,1,1,1,1,1,1,1,1,1,1
1.0,1,400,1,1,1,1,1,1,1,1,1,1,1,1
1.0,2,11,2,2,2,2,2,2,2,2,2,2,2,2
1.0,2,21,1,1,1,1,1,1,1,1,1,1,1,1
1.0,2,32,1,1,1,1,1,1,1,1,1,1,1,1
1.0,2,33,1,1,1,1,1,1,1,1,1,1,1,1
1.0,2,34,2,2,2,2,2,2,2,2,2,2,2,2
1.0,2,35,1,1,1,1,1,1,1,1,1,1,1,1
1.0,2,37,3,3,3,3,3,3,3,3,3,3,3,3
1.0,3,33,2,2,2,2,2,2,2,2,2,2,2,2
1.0,3,44,6,6,6,6,6,6,6,6,6,6,6,6
1.0,4,41,1,1,1,1,1,1,1,1,1,1,1,1
1.0,5,11,3,3,3,3,3,3,3,3,3,3,3,3
1.0,5,32,1,1,1,1,1,1,1,1,1,1,1,1
1.0,5,37,1,1,1,1,1,1,1,1,1,1,1,1
1.0,5,61,1,1,1,1,1,1,1,1,1,1,1,1
1.0,6,11,1,1,1,1,1,1,1,1,1,1,1,1
1.0,6,12,1,1,1,1,1,1,1,1,1,1,1,1
1.0,6,23,1,1,1,1,1,1,1,1,1,1,1,1
1.0,6,31,1,1,1,1,1,1,1,1,1,1,1,1
1.0,6,32,1,1,1,1,1,1,1,1,1,1,1,1
1.0,6,37,1,1,1,1,1,1,1,1,1,1,1,1
1.0,6,44,1,1,1,1,1,1,1,1,1,1,1,1
1.0,7,37,2,2,2,2,2,2,2,2,2,2,2,2
1.0,7,400,1,1,1,1,1,1,1,1,1,1,1,1
1.0,8,11,3,3,3,3,3,3,3,3,3,3,3,3
1.0,8,34,1,1,1,1,1,1,1,1,1,1,1,1
1.0,8,41,2,2,2,2,2,2,2,2,2,2,2,2
1.0,8,42,1,1,1,1,1,1,1,1,1,1,1,1
1.0,9,42,1,1,1,1,1,1,1,1,1,1,1,1
1.0,9,45,1,1,1,1,1,1,1,1,1,1,1,1
1.0,9,400,1,1,1,1,1,1,1,1,1,1,1,1
1.0,10,32,1,1,1,1,1,1,1,1,1,1,1,1
1.0,13,34,1,1,1,1,1,1,1,1,1,1,1,1
1.0,13,44,1,1,1,1,1,1,1,1,1,1,1,1
1.0,14,34,1,1,1,1,1,1,1,1,1,1,1,1
1.0,14,37,1,1,1,1,1,1,1,1,1,1,1,1
1.0,15,11,1,1,1,1,1,1,1,1,1,1,1,1
1.0,15,31,1,1,1,1,1,1,1,1,1,1,1,1
1.0,15,50,2,2,2,2,2,2,2,2,2,2,2,2
1.0,16,400,1,1,1,1,1,1,1,1,1,1,1,1
1.0,18,44,1,1,1,1,1,1,1,1,1,1,1,1
1.0,20,400,1,1,1,1,1,1,1,1,1,1,1,1
1.0,21,45,1,1,1,1,1,1,1,1,1,1,1,1
1.0,30,31,1,1,1,1,1,1,1,1,1,1,1,1
1.0,45,400,1,1,1,1,1,1,1,1,1,1,1,1
1.0,1000,11,7,7,7,7,7,7,7,7,7,7,7,7
1.0,1000,12,2,2,2,2,2,2,2,2,2,2,2,2
1.0,1000,23,2,2,2,2,2,2,2,2,2,2,2,2
1.0,1000,31,5,5,5,5,5,5,5,5,5,5,5,5
1.0,1000,32,3,3,3,3,3,3,3,3,3,3,3,3
1.0,1000,33,2,2,2,2,2,2,2,2,2,2,2,2
1.0,1000,36,1,1,1,1,1,1,1,1,1,1,1,1
1.0,1000,37,2,2,2,2,2,2,2,2,2,2,2,2
1.0,1000,41,1,1,1,1,1,1,1,1,1,1,1,1
1.0,1000,43,2,2,2,2,2,2,2,2,2,2,2,2
1.0,1000,44,7,7,7,7,7,7,7,7,7,7,7,7
1.0,1000,51,1,1,1,1,1,1,1,1,1,1,1,1
1.0,1000,61,1,1,1,1,1,1,1,1,1,1,1,1
1.0,1000,63,1,1,1,1,1,1,1,1,1,1,1,1
1.0,1000,65,1,1,1,1,1,1,1,1,1,1,1,1
1.0,1000,81,1,1,1,1,1,1,1,1,1,1,1,1
1.0,1000,82,1,1,1,1,1,1,1,1,1,1,1,1
1.0,1000,100,13,13,13,13,13,13,13,13,13,13,13,13
1.0,1000,400,5,5,5,5,5,5,5,5,5,5,5,5
1.0,,,1,1,1,1,1,1,1,1,1,1,1,1
4.0,1,11,11,11,11,11,11,11,11,11,11,11,11,11
4.0,1,12,2,2,2,2,2,2,2,2,2,2,2,2
4.0,1,13,6,6,6,6,6,6,6,6,6,6,6,6
4.0,1,14,1,1,1,1,1,1,1,1,1,1,1,1
4.0,1,21,4,4,4,4,4,4,4,4,4,4,4,4
4.0,1,22,5,5,5,5,5,5,5,5,5,5,5,5
4.0,1,23,1,1,1,1,1,1,1,1,1,1,1,1
4.0,1,31,9,9,9,9,9,9,9,9,9,9,9,9
4.0,1,32,18,18,18,18,18,18,18,18,18,18,18,18
4.0,1,33,17,17,17,17,17,17,17,17,17,17,17,17
4.0,1,34,2,2,2,2,2,2,2,2,2,2,2,2
4.0,1,35,6,6,6,6,6,6,6,6,6,6,6,6
4.0,1,36,1,1,1,1,1,1,1,1,1,1,1,1
4.0,1,37,7,7,7,7,7,7,7,7,7,7,7,7
4.0,1,41,4,4,4,4,4,4,4,4,4,4,4,4
4.0,1,42,6,6,6,6,6,6,6,6,6,6,6,6
4.0,1,43,6,6,6,6,6,6,6,6,6,6,6,6
4.0,1,44,22,22,22,22,22,22,22,22,22,22,22,22
4.0,1,45,2,2,2,2,2,2,2,2,2,2,2,2
4.0,1,46,9,9,9,9,9,9,9,9,9,9,9,9
4.0,1,50,2,2,2,2,2,2,2,2,2,2,2,2
4.0,1,51,23,23,23,23,23,23,23,23,23,23,23,23
4.0,1,52,1,1,1,1,1,1,1,1,1,1,1,1
4.0,1,53,4,4,4,4,4,4,4,4,4,4,4,4
4.0,1,61,3,3,3,3,3,3,3,3,3,3,3,3
4.0,1,63,3,3,3,3,3,3,3,3,3,3,3,3
4.0,1,400,10,10,10,10,10,10,10,10,10,10,10,10
4.0,2,11,3,3,3,3,3,3,3,3,3,3,3,3
4.0,2,12,2,2,2,2,2,2,2,2,2,2,2,2
4.0,2,21,6,6,6,6,6,6,6,6,6,6,6,6
4.0,2,22,2,2,2,2,2,2,2,2,2,2,2,2
4.0,2,32,6,6,6,6,6,6,6,6,6,6,6,6
4.0,2,33,6,6,6,6,6,6,6,6,6,6,6,6
4.0,2,34,2,2,2,2,2,2,2,2,2,2,2,2
4.0,2,35,1,1,1,1,1,1,1,1,1,1,1,1
4.0,2,37,7,7,7,7,7,7,7,7,7,7,7,7
4.0,2,41,3,3,3,3,3,3,3,3,3,3,3,3
4.0,2,46,2,2,2,2,2,2,2,2,2,2,2,2
4.0,2,400,1,1,1,1,1,1,1,1,1,1,1,1
4.0,3,31,3,3,3,3,3,3,3,3,3,3,3,3
4.0,3,32,2,2,2,2,2,2,2,2,2,2,2,2
4.0,3,33,1,1,1,1,1,1,1,1,1,1,1,1
4.0,3,37,1,1,1,1,1,1,1,1,1,1,1,1
4.0,3,41,1,1,1,1,1,1,1,1,1,1,1,1
4.0,3,44,16,16,16,16,16,16,16,16,16,16,16,16
4.0,3,45,2,2,2,2,2,2,2,2,2,2,2,2
4.0,3,50,1,1,1,1,1,1,1,1,1,1,1,1
4.0,3,400,1,1,1,1,1,1,1,1,1,1,1,1
4.0,4,12,2,2,2,2,2,2,2,2,2,2,2,2
4.0,4,13,1,1,1,1,1,1,1,1,1,1,1,1
4.0,4,14,2,2,2,2,2,2,2,2,2,2,2,2
4.0,4,21,1,1,1,1,1,1,1,1,1,1,1,1
4.0,4,31,6,6,6,6,6,6,6,6,6,6,6,6
4.0,4,32,6,6,6,6,6,6,6,6,6,6,6,6
4.0,4,33,2,2,2,2,2,2,2,2,2,2,2,2
4.0,4,34,1,1,1,1,1,1,1,1,1,1,1,1
4.0,4,41,1,1,1,1,1,1,1,1,1,1,1,1
4.0,4,44,1,1,1,1,1,1,1,1,1,1,1,1
4.0,4,45,5,5,5,5,5,5,5,5,5,5,5,5
4.0,4,61,3,3,3,3,3,3,3,3,3,3,3,3
4.0,5,11,19,19,19,19,19,19,19,19,19,19,19,19
4.0,5,23,1,1,1,1,1,1,1,1,1,1,1,1
4.0,5,31,2,2,2,2,2,2,2,2,2,2,2,2
4.0,5,32,6,6,6,6,6,6,6,6,6,6,6,6
4.0,5,33,2,2,2,2,2,2,2,2,2,2,2,2
4.0,5,35,3,3,3,3,3,3,3,3,3,3,3,3
4.0,5,37,2,2,2,2,2,2,2,2,2,2,2,2
4.0,5,44,1,1,1,1,1,1,1,1,1,1,1,1
4.0,6,11,1,1,1,1,1,1,1,1,1,1,1,1
4.0,6,13,1,1,1,1,1,1,1,1,1,1,1,1
4.0,6,31,1,1,1,1,1,1,1,1,1,1,1,1
4.0,6,32,1,1,1,1,1,1,1,1,1,1,1,1
4.0,6,33,2,2,2,2,2,2,2,2,2,2,2,2
4.0,6,35,1,1,1,1,1,1,1,1,1,1,1,1
4.0,6,37,2,2,2,2,2,2,2,2,2,2,2,2
4.0,6,41,1,1,1,1,1,1,1,1,1,1,1,1
4.0,6,44,3,3,3,3,3,3,3,3,3,3,3,3
4.0,6,50,2,2,2,2,2,2,2,2,2,2,2,2
4.0,6,400,1,1,1,1,1,1,1,1,1,1,1,1
4.0,7,11,2,2,2,2,2,2,2,2,2,2,2,2
4.0,7,12,1,1,1,1,1,1,1,1,1,1,1,1
4.0,7,13,1,1,1,1,1,1,1,1,1,1,1,1
4.0,7,21,1,1,1,1,1,1,1,1,1,1,1,1
4.0,7,31,3,3,3,3,3,3,3,3,3,3,3,3
4.0,7,33,1,1,1,1,1,1,1,1,1,1,1,1
4.0,7,35,1,1,1,1,1,1,1,1,1,1,1,1
4.0,7,37,1,1,1,1,1,1,1,1,1,1,1,1
4.0,7,42,1,1,1,1,1,1,1,1,1,1,1,1
4.0,7,43,1,1,1,1,1,1,1,1,1,1,1,1
4.0,7,44,4,4,4,4,4,4,4,4,4,4,4,4
4.0,7,400,3,3,3,3,3,3,3,3,3,3,3,3
4.0,8,11,22,22,22,22,22,22,22,22,22,22,22,22
4.0,8,32,1,1,1,1,1,1,1,1,1,1,1,1
4.0,8,33,1,1,1,1,1,1,1,1,1,1,1,1
4.0,8,36,1,1,1,1,1,1,1,1,1,1,1,1
4.0,8,37,2,2,2,2,2,2,2,2,2,2,2,2
4.0,8,41,1,1,1,1,1,1,1,1,1,1,1,1
4.0,8,44,1,1,1,1,1,1,1,1,1,1,1,1
4.0,8,45,1,1,1,1,1,1,1,1,1,1,1,1
4.0,8,50,1,1,1,1,1,1,1,1,1,1,1,1
4.0,9,13,1,1,1,1,1,1,1,1,1,1,1,1
4.0,9,31,3,3,3,3,3,3,3,3,3,3,3,3
4.0,9,32,3,3,3,3,3,3,3,3,3,3,3,3
4.0,9,36,1,1,1,1,1,1,1,1,1,1,1,1
4.0,9,41,1,1,1,1,1,1,1,1,1,1,1,1
4.0,10,13,1,1,1,1,1,1,1,1,1,1,1,1
4.0,10,31,1,1,1,1,1,1,1,1,1,1,1,1
4.0,10,32,1,1,1,1,1,1,1,1,1,1,1,1
4.0,10,34,5,5,5,5,5,5,5,5,5,5,5,5
4.0,11,12,1,1,1,1,1,1,1,1,1,1,1,1
4.0,11,13,1,1,1,1,1,1,1,1,1,1,1,1
4.0,11,23,7,7,7,7,7,7,7,7,7,7,7,7
4.0,11,400,3,3,3,3,3,3,3,3,3,3,3,3
4.0,12,11,1,1,1,1,1,1,1,1,1,1,1,1
4.0,12,31,4,4,4,4,4,4,4,4,4,4,4,4
4.0,12,32,3,3,3,3,3,3,3,3,3,3,3,3
4.0,12,34,3,3,3,3,3,3,3,3,3,3,3,3
4.0,12,50,1,1,1,1,1,1,1,1,1,1,1,1
4.0,13,11,1,1,1,1,1,1,1,1,1,1,1,1
4.0,13,31,1,1,1,1,1,1,1,1,1,1,1,1
4.0,13,34,1,1,1,1,1,1,1,1,1,1,1,1
4.0,13,41,1,1,1,1,1,1,1,1,1,1,1,1
4.0,13,51,2,2,2,2,2,2,2,2,2,2,2,2
4.0,14,11,1,1,1,1,1,1,1,1,1,1,1,1
4.0,14,12,1,1,1,1,1,1,1,1,1,1,1,1
4.0,14,31,1,1,1,1,1,1,1,1,1,1,1,1
4.0,14,37,1,1,1,1,1,1,1,1,1,1,1,1
4.0,15,11,3,3,3,3,3,3,3,3,3,3,3,3
4.0,15,31,8,8,8,8,8,8,8,8,8,8,8,8
4.0,15,41,1,1,1,1,1,1,1,1,1,1,1,1
4.0,15,400,1,1,1,1,1,1,1,1,1,1,1,1
4.0,16,400,6,6,6,6,6,6,6,6,6,6,6,6
4.0,18,34,1,1,1,1,1,1,1,1,1,1,1,1
4.0,19,44,5,5,5,5,5,5,5,5,5,5,5,5
4.0,19,400,1,1,1,1,1,1,1,1,1,1,1,1
4.0,20,31,1,1,1,1,1,1,1,1,1,1,1,1
4.0,20,44,1,1,1,1,1,1,1,1,1,1,1,1
4.0,22,65,1,1,1,1,1,1,1,1,1,1,1,1
4.0,23,53,1,1,1,1,1,1,1,1,1,1,1,1
4.0,24,52,1,1,1,1,1,1,1,1,1,1,1,1
4.0,26,12,1,1,1,1,1,1,1,1,1,1,1,1
4.0,26,54,3,3,3,3,3,3,3,3,3,3,3,3
4.0,27,52,1,1,1,1,1,1,1,1,1,1,1,1
4.0,27,63,1,1,1,1,1,1,1,1,1,1,1,1
4.0,28,53,1,1,1,1,1,1,1,1,1,1,1,1
4.0,30,31,1,1,1,1,1,1,1,1,1,1,1,1
4.0,35,400,3,3,3,3,3,3,3,3,3,3,3,3
4.0,46,400,1,1,1,1,1,1,1,1,1,1,1,1
4.0,90,46,5,5,5,5,5,5,5,5,5,5,5,5
4.0,1000,11,42,42,42,42,42,42,42,42,42,42,42,42
4.0,1000,12,4,4,4,4,4,4,4,4,4,4,4,4
4.0,1000,13,9,9,9,9,9,9,9,9,9,9,9,9
4.0,1000,14,2,2,2,2,2,2,2,2,2,2,2,2
4.0,1000,15,2,2,2,2,2,2,2,2,2,2,2,2
4.0,1000,21,8,8,8,8,8,8,8,8,8,8,8,8
4.0,1000,31,34,34,34,34,34,34,34,34,34,34,34,34
4.0,1000,32,7,7,7,7,7,7,7,7,7,7,7,7
4.0,1000,33,14,14,14,14,14,14,14,14,14,14,14,14
4.0,1000,34,6,6,6,6,6,6,6,6,6,6,6,6
4.0,1000,35,6,6,6,6,6,6,6,6,6,6,6,6
4.0,1000,36,1,1,1,1,1,1,1,1,1,1,1,1
4.0,1000,37,3,3,3,3,3,3,3,3,3,3,3,3
4.0,1000,41,3,3,3,3,3,3,3,3,3,3,3,3
4.0,1000,42,1,1,1,1,1,1,1,1,1,1,1,1
4.0,1000,43,3,3,3,3,3,3,3,3,3,3,3,3
4.0,1000,44,41,41,41,41,41,41,41,41,41,41,41,41
4.0,1000,45,2,2,2,2,2,2,2,2,2,2,2,2
4.0,1000,46,3,3,3,3,3,3,3,3,3,3,3,3
4.0,1000,50,10,10,10,10,10,10,10,10,10,10,10,10
4.0,1000,51,7,7,7,7,7,7,7,7,7,7,7,7
4.0,1000,52,1,1,1,1,1,1,1,1,1,1,1,1
4.0,1000,53,3,3,3,3,3,3,3,3,3,3,3,3
4.0,1000,61,1,1,1,1,1,1,1,1,1,1,1,1
4.0,1000,65,2,2,2,2,2,2,2,2,2,2,2,2
4.0,1000,81,2,2,2,2,2,2,2,2,2,2,2,2
4.0,1000,82,3,3,3,3,3,3,3,3,3,3,3,3
4.0,1000,100,109,109,109,109,109,109,109,109,109,109,109,109
4.0,1000,400,30,30,30,30,30,30,30,30,30,30,30,30
4.0,,,2,2,2,2,2,2,2,2,2,2,2,2
5.0,1,11,7,7,7,7,7,7,7,7,7,7,7,7
5.0,1,14,1,1,1,1,1,1,1,1,1,1,1,1
5.0,1,21,1,1,1,1,1,1,1,1,1,1,1,1
5.0,1,31,1,1,1,1,1,1,1,1,1,1,1,1
5.0,1,32,2,2,2,2,2,2,2,2,2,2,2,2
5.0,1,35,5,5,5,5,5,5,5,5,5,5,5,5
5.0,1,42,2,2,2,2,2,2,2,2,2,2,2,2
5.0,1,51,3,3,3,3,3,3,3,3,3,3,3,3
5.0,1,62,1,1,1,1,1,1,1,1,1,1,1,1
5.0,1,81,1,1,1,1,1,1,1,1,1,1,1,1
5.0,1,400,5,5,5,5,5,5,5,5,5,5,5,5
5.0,2,12,1,1,1,1,1,1,1,1,1,1,1,1
5.0,2,21,1,1,1,1,1,1,1,1,1,1,1,1
5.0,2,33,1,1,1,1,1,1,1,1,1,1,1,1
5.0,2,35,1,1,1,1,1,1,1,1,1,1,1,1
5.0,2,81,4,4,4,4,4,4,4,4,4,4,4,4
5.0,2,400,1,1,1,1,1,1,1,1,1,1,1,1
5.0,3,21,1,1,1,1,1,1,1,1,1,1,1,1
5.0,3,31,1,1,1,1,1,1,1,1,1,1,1,1
5.0,3,50,1,1,1,1,1,1,1,1,1,1,1,1
5.0,4,13,1,1,1,1,1,1,1,1,1,1,1,1
5.0,5,11,4,4,4,4,4,4,4,4,4,4,4,4
5.0,5,21,1,1,1,1,1,1,1,1,1,1,1,1
5.0,5,31,2,2,2,2,2,2,2,2,2,2,2,2
5.0,5,32,1,1,1,1,1,1,1,1,1,1,1,1
5.0,6,35,1,1,1,1,1,1,1,1,1,1,1,1
5.0,7,35,1,1,1,1,1,1,1,1,1,1,1,1
5.0,7,51,2,2,2,2,2,2,2,2,2,2,2,2
5.0,8,11,3,3,3,3,3,3,3,3,3,3,3,3
5.0,10,71,2,2,2,2,2,2,2,2,2,2,2,2
5.0,11,32,1,1,1,1,1,1,1,1,1,1,1,1
5.0,13,37,2,2,2,2,2,2,2,2,2,2,2,2
5.0,15,31,1,1,1,1,1,1,1,1,1,1,1,1
5.0,16,400,1,1,1,1,1,1,1,1,1,1,1,1
5.0,21,54,3,3,3,3,3,3,3,3,3,3,3,3
5.0,21,400,1,1,1,1,1,1,1,1,1,1,1,1
5.0,26,54,1,1,1,1,1,1,1,1,1,1,1,1
5.0,30,65,1,1,1,1,1,1,1,1,1,1,1,1
5.0,31,400,1,1,1,1,1,1,1,1,1,1,1,1
5.0,51,44,1,1,1,1,1,1,1,1,1,1,1,1
5.0,90,71,3,3,3,3,3,3,3,3,3,3,3,3
5.0,1000,11,8,8,8,8,8,8,8,8,8,8,8,8
5.0,1000,12,1,1,1,1,1,1,1,1,1,1,1,1
5.0,1000,22,1,1,1,1,1,1,1,1,1,1,1,1
5.0,1000,23,30,30,30,30,30,30,30,30,30,30,30,30
5.0,1000,31,1,1,1,1,1,1,1,1,1,1,1,1
5.0,1000,33,1,1,1,1,1,1,1,1,1,1,1,1
5.0,1000,37,2,2,2,2,2,2,2,2,2,2,2,2
5.0,1000,42,4,4,4,4,4,4,4,4,4,4,4,4
5.0,1000,44,1,1,1,1,1,1,1,1,1,1,1,1
5.0,1000,50,1,1,1,1,1,1,1,1,1,1,1,1
5.0,1000,54,1,1,1,1,1,1,1,1,1,1,1,1
5.0,1000,81,2,2,2,2,2,2,2,2,2,2,2,2
5.0,1000,100,8,8,8,8,8,8,8,8,8,8,8,8
5.0,1000,400,2,2,2,2,2,2,2,2,2,2,2,2
6.0,1,11,13,13,13,13,13,13,13,13,13,13,13,13
6.0,1,12,1,1,1,1,1,1,1,1,1,1,1,1
6.0,1,13,2,2,2,2,2,2,2,2,2,2,2,2
6.0,1,15,1,1,1,1,1,1,1,1,1,1,1,1
6.0,1,21,1,1,1,1,1,1,1,1,1,1,1,1
6.0,1,23,2,2,2,2,2,2,2,2,2,2,2,2
6.0,1,31,5,5,5,5,5,5,5,5,5,5,5,5
6.0,1,32,2,2,2,2,2,2,2,2,2,2,2,2
6.0,1,33,9,9,9,9,9,9,9,9,9,9,9,9
6.0,1,34,1,1,1,1,1,1,1,1,1,1,1,1
6.0,1,35,4,4,4,4,4,4,4,4,4,4,4,4
6.0,1,36,2,2,2,2,2,2,2,2,2,2,2,2
6.0,1,37,2,2,2,2,2,2,2,2,2,2,2,2
6.0,1,41,1,1,1,1,1,1,1,1,1,1,1,1
6.0,1,42,3,3,3,3,3,3,3,3,3,3,3,3
6.0,1,43,4,4,4,4,4,4,4,4,4,4,4,4
6.0,1,44,10,10,10,10,10,10,10,10,10,10,10,10
6.0,1,45,2,2,2,2,2,2,2,2,2,2,2,2
6.0,1,51,9,9,9,9,9,9,9,9,9,9,9,9
6.0,1,52,1,1,1,1,1,1,1,1,1,1,1,1
6.0,1,61,4,4,4,4,4,4,4,4,4,4,4,4
6.0,1,62,1,1,1,1,1,1,1,1,1,1,1,1
6.0,1,64,2,2,2,2,2,2,2,2,2,2,2,2
6.0,1,81,2,2,2,2,2,2,2,2,2,2,2,2
6.0,1,400,10,10,10,10,10,10,10,10,10,10,10,10
6.0,2,11,1,1,1,1,1,1,1,1,1,1,1,1
6.0,2,12,2,2,2,2,2,2,2,2,2,2,2,2
6.0,2,21,3,3,3,3,3,3,3,3,3,3,3,3
6.0,2,32,1,1,1,1,1,1,1,1,1,1,1,1
6.0,2,33,1,1,1,1,1,1,1,1,1,1,1,1
6.0,2,35,2,2,2,2,2,2,2,2,2,2,2,2
6.0,2,37,4,4,4,4,4,4,4,4,4,4,4,4
6.0,2,81,34,34,34,34,34,34,34,34,34,34,34,34
6.0,2,400,4,4,4,4,4,4,4,4,4,4,4,4
6.0,3,21,1,1,1,1,1,1,1,1,1,1,1,1
6.0,3,31,1,1,1,1,1,1,1,1,1,1,1,1
6.0,3,33,1,1,1,1,1,1,1,1,1,1,1,1
6.0,3,41,1,1,1,1,1,1,1,1,1,1,1,1
6.0,3,44,18,18,18,18,18,18,18,18,18,18,18,18
6.0,4,31,3,3,3,3,3,3,3,3,3,3,3,3
6.0,4,32,5,5,5,5,5,5,5,5,5,5,5,5
6.0,4,33,1,1,1,1,1,1,1,1,1,1,1,1
6.0,4,43,1,1,1,1,1,1,1,1,1,1,1,1
6.0,4,50,1,1,1,1,1,1,1,1,1,1,1,1
6.0,5,11,16,16,16,16,16,16,16,16,16,16,16,16
6.0,5,14,1,1,1,1,1,1,1,1,1,1,1,1
6.0,5,31,1,1,1,1,1,1,1,1,1,1,1,1
6.0,5,32,3,3,3,3,3,3,3,3,3,3,3,3
6.0,5,35,1,1,1,1,1,1,1,1,1,1,1,1
6.0,6,31,2,2,2,2,2,2,2,2,2,2,2,2
6.0,6,33,1,1,1,1,1,1,1,1,1,1,1,1
6.0,6,37,2,2,2,2,2,2,2,2,2,2,2,2
6.0,6,44,2,2,2,2,2,2,2,2,2,2,2,2
6.0,6,61,1,1,1,1,1,1,1,1,1,1,1,1
6.0,7,11,2,2,2,2,2,2,2,2,2,2,2,2
6.0,7,33,2,2,2,2,2,2,2,2,2,2,2,2
6.0,7,37,1,1,1,1,1,1,1,1,1,1,1,1
6.0,7,51,4,4,4,4,4,4,4,4,4,4,4,4
6.0,8,11,6,6,6,6,6,6,6,6,6,6,6,6
6.0,8,14,1,1,1,1,1,1,1,1,1,1,1,1
6.0,8,31,2,2,2,2,2,2,2,2,2,2,2,2
6.0,8,45,1,1,1,1,1,1,1,1,1,1,1,1
6.0,9,37,2,2,2,2,2,2,2,2,2,2,2,2
6.0,9,81,1,1,1,1,1,1,1,1,1,1,1,1
6.0,9,400,2,2,2,2,2,2,2,2,2,2,2,2
6.0,10,31,1,1,1,1,1,1,1,1,1,1,1,1
6.0,10,33,1,1,1,1,1,1,1,1,1,1,1,1
6.0,10,71,7,7,7,7,7,7,7,7,7,7,7,7
6.0,11,36,2,2,2,2,2,2,2,2,2,2,2,2
6.0,11,37,2,2,2,2,2,2,2,2,2,2,2,2
6.0,12,11,1,1,1,1,1,1,1,1,1,1,1,1
6.0,12,37,1,1,1,1,1,1,1,1,1,1,1,1
6.0,12,43,1,1,1,1,1,1,1,1,1,1,1,1
6.0,14,11,1,1,1,1,1,1,1,1,1,1,1,1
6.0,14,400,2,2,2,2,2,2,2,2,2,2,2,2
6.0,15,11,1,1,1,1,1,1,1,1,1,1,1,1
6.0,15,31,8,8,8,8,8,8,8,8,8,8,8,8
6.0,15,400,1,1,1,1,1,1,1,1,1,1,1,1
6.0,16,400,1,1,1,1,1,1,1,1,1,1,1,1
6.0,18,34,1,1,1,1,1,1,1,1,1,1,1,1
6.0,18,44,1,1,1,1,1,1,1,1,1,1,1,1
6.0,18,400,1,1,1,1,1,1,1,1,1,1,1,1
6.0,19,44,2,2,2,2,2,2,2,2,2,2,2,2
6.0,20,44,2,2,2,2,2,2,2,2,2,2,2,2
6.0,21,45,1,1,1,1,1,1,1,1,1,1,1,1
6.0,23,14,1,1,1,1,1,1,1,1,1,1,1,1
6.0,30,31,1,1,1,1,1,1,1,1,1,1,1,1
6.0,53,44,1,1,1,1,1,1,1,1,1,1,1,1
6.0,1000,11,24,24,24,24,24,24,24,24,24,24,24,24
6.0,1000,12,6,6,6,6,6,6,6,6,6,6,6,6
6.0,1000,13,1,1,1,1,1,1,1,1,1,1,1,1
6.0,1000,15,1,1,1,1,1,1,1,1,1,1,1,1
6.0,1000,21,3,3,3,3,3,3,3,3,3,3,3,3
6.0,1000,23,34,34,34,34,34,34,34,34,34,34,34,34
6.0,1000,31,9,9,9,9,9,9,9,9,9,9,9,9
6.0,1000,32,7,7,7,7,7,7,7,7,7,7,7,7
6.0,1000,33,6,6,6,6,6,6,6,6,6,6,6,6
6.0,1000,37,7,7,7,7,7,7,7,7,7,7,7,7
6.0,1000,41,2,2,2,2,2,2,2,2,2,2,2,2
6.0,1000,44,6,6,6,6,6,6,6,6,6,6,6,6
6.0,1000,50,2,2,2,2,2,2,2,2,2,2,2,2
6.0,1000,51,1,1,1,1,1,1,1,1,1,1,1,1
6.0,1000,53,2,2,2,2,2,2,2,2,2,2,2,2
6.0,1000,71,1,1,1,1,1,1,1,1,1,1,1,1
6.0,1000,81,1,1,1,1,1,1,1,1,1,1,1,1
6.0,1000,100,83,83,83,83,83,83,83,83,83,83,83,83
6.0,1000,400,13,13,13,13,13,13,13,13,13,13,13,13
6.0,,,1,1,1,1,1,1,1,1,1,1,1,1
7.0,1,14,1,1,1,1,1,1,1,1,1,1,1,1
7.0,1,31,2,2,2,2,2,2,2,2,2,2,2,2
7.0,1,32,2,2,2,2,2,2,2,2,2,2,2,2
7.0,1,41,1,1,1,1,1,1,1,1,1,1,1,1
7.0,1,42,1,1,1,1,1,1,1,1,1,1,1,1
7.0,1,44,1,1,1,1,1,1,1,1,1,1,1,1
7.0,1,51,1,1,1,1,1,1,1,1,1,1,1,1
7.0,2,33,1,1,1,1,1,1,1,1,1,1,1,1
7.0,2,35,5,5,5,5,5,5,5,5,5,5,5,5
7.0,3,44,2,2,2,2,2,2,2,2,2,2,2,2
7.0,5,11,2,2,2,2,2,2,2,2,2,2,2,2
7.0,5,32,1,1,1,1,1,1,1,1,1,1,1,1
7.0,5,400,1,1,1,1,1,1,1,1,1,1,1,1
7.0,6,44,2,2,2,2,2,2,2,2,2,2,2,2
7.0,7,11,1,1,1,1,1,1,1,1,1,1,1,1
7.0,7,51,1,1,1,1,1,1,1,1,1,1,1,1
7.0,8,11,2,2,2,2,2,2,2,2,2,2,2,2
7.0,12,44,1,1,1,1,1,1,1,1,1,1,1,1
7.0,12,50,1,1,1,1,1,1,1,1,1,1,1,1
7.0,14,11,1,1,1,1,1,1,1,1,1,1,1,1
7.0,15,31,1,1,1,1,1,1,1,1,1,1,1,1
7.0,16,400,1,1,1,1,1,1,1,1,1,1,1,1
7.0,1000,11,7,7,7,7,7,7,7,7,7,7,7,7
7.0,1000,23,14,14,14,14,14,14,14,14,14,14,14,14
7.0,1000,37,1,1,1,1,1,1,1,1,1,1,1,1
7.0,1000,42,1,1,1,1,1,1,1,1,1,1,1,1
7.0,1000,44,3,3,3,3,3,3,3,3,3,3,3,3
7.0,1000,81,3,3,3,3,3,3,3,3,3,3,3,3
7.0,1000,100,5,5,5,5,5,5,5,5,5,5,5,5
7.0,1000,400,5,5,5,5,5,5,5,5,5,5,5,5
8.0,1,11,28,28,28,28,28,28,28,28,28,28,28,28
8.0,1,12,2,2,2,2,2,2,2,2,2,2,2,2
8.0,1,13,8,8,8,8,8,8,8,8,8,8,8,8
8.0,1,14,5,5,5,5,5,5,5,5,5,5,5,5
8.0,1,15,5,5,5,5,5,5,5,5,5,5,5,5
8.0,1,21,8,8,8,8,8,8,8,8,8,8,8,8
8.0,1,22,5,5,5,5,5,5,5,5,5,5,5,5
8.0,1,23,9,9,9,9,9,9,9,9,9,9,9,9
8.0,1,31,11,11,11,11,11,11,11,11,11,11,11,11
8.0,1,32,20,20,20,20,20,20,20,20,20,20,20,20
8.0,1,33,22,22,22,22,22,22,22,22,22,22,22,22
8.0,1,34,8,8,8,8,8,8,8,8,8,8,8,8
8.0,1,35,11,11,11,11,11,11,11,11,11,11,11,11
8.0,1,36,3,3,3,3,3,3,3,3,3,3,3,3
8.0,1,37,14,14,14,14,14,14,14,14,14,14,14,14
8.0,1,41,15,15,15,15,15,15,15,15,15,15,15,15
8.0,1,42,17,17,17,17,17,17,17,17,17,17,17,17
8.0,1,43,5,5,5,5,5,5,5,5,5,5,5,5
8.0,1,44,42,42,42,42,42,42,42,42,42,42,42,42
8.0,1,45,2,2,2,2,2,2,2,2,2,2,2,2
8.0,1,46,3,3,3,3,3,3,3,3,3,3,3,3
8.0,1,51,31,31,31,31,31,31,31,31,31,31,31,31
8.0,1,52,3,3,3,3,3,3,3,3,3,3,3,3
8.0,1,53,4,4,4,4,4,4,4,4,4,4,4,4
8.0,1,61,14,14,14,14,14,14,14,14,14,14,14,14
8.0,1,62,1,1,1,1,1,1,1,1,1,1,1,1
8.0,1,64,2,2,2,2,2,2,2,2,2,2,2,2
8.0,1,65,1,1,1,1,1,1,1,1,1,1,1,1
8.0,1,71,1,1,1,1,1,1,1,1,1,1,1,1
8.0,1,81,1,1,1,1,1,1,1,1,1,1,1,1
8.0,1,82,1,1,1,1,1,1,1,1,1,1,1,1
8.0,1,400,29,29,29,29,29,29,29,29,29,29,29,29
8.0,2,11,13,13,13,13,13,13,13,13,13,13,13,13
8.0,2,12,1,1,1,1,1,1,1,1,1,1,1,1
8.0,2,13,2,2,2,2,2,2,2,2,2,2,2,2
8.0,2,21,6,6,6,6,6,6,6,6,6,6,6,6
8.0,2,22,3,3,3,3,3,3,3,3,3,3,3,3
8.0,2,32,4,4,4,4,4,4,4,4,4,4,4,4
8.0,2,33,8,8,8,8,8,8,8,8,8,8,8,8
8.0,2,34,1,1,1,1,1,1,1,1,1,1,1,1
8.0,2,35,6,6,6,6,6,6,6,6,6,6,6,6
8.0,2,37,16,16,16,16,16,16,16,16,16,16,16,16
8.0,2,41,1,1,1,1,1,1,1,1,1,1,1,1
8.0,2,42,1,1,1,1,1,1,1,1,1,1,1,1
8.0,2,43,1,1,1,1,1,1,1,1,1,1,1,1
8.0,2,44,1,1,1,1,1,1,1,1,1,1,1,1
8.0,2,45,1,1,1,1,1,1,1,1,1,1,1,1
8.0,2,46,3,3,3,3,3,3,3,3,3,3,3,3
8.0,2,81,6,6,6,6,6,6,6,6,6,6,6,6
8.0,2,400,4,4,4,4,4,4,4,4,4,4,4,4
8.0,3,13,3,3,3,3,3,3,3,3,3,3,3,3
8.0,3,22,1,1,1,1,1,1,1,1,1,1,1,1
8.0,3,23,2,2,2,2,2,2,2,2,2,2,2,2
8.0,3,32,6,6,6,6,6,6,6,6,6,6,6,6
8.0,3,33,3,3,3,3,3,3,3,3,3,3,3,3
8.0,3,35,1,1,1,1,1,1,1,1,1,1,1,1
8.0,3,37,3,3,3,3,3,3,3,3,3,3,3,3
8.0,3,41,4,4,4,4,4,4,4,4,4,4,4,4
8.0,3,42,3,3,3,3,3,3,3,3,3,3,3,3
8.0,3,44,39,39,39,39,39,39,39,39,39,39,39,39
8.0,3,45,1,1,1,1,1,1,1,1,1,1,1,1
8.0,3,50,2,2,2,2,2,2,2,2,2,2,2,2
8.0,3,52,1,1,1,1,1,1,1,1,1,1,1,1
8.0,3,61,2,2,2,2,2,2,2,2,2,2,2,2
8.0,4,11,1,1,1,1,1,1,1,1,1,1,1,1
8.0,4,12,2,2,2,2,2,2,2,2,2,2,2,2
8.0,4,13,1,1,1,1,1,1,1,1,1,1,1,1
8.0,4,14,1,1,1,1,1,1,1,1,1,1,1,1
8.0,4,21,2,2,2,2,2,2,2,2,2,2,2,2
8.0,4,31,6,6,6,6,6,6,6,6,6,6,6,6
8.0,4,32,1,1,1,1,1,1,1,1,1,1,1,1
8.0,4,33,1,1,1,1,1,1,1,1,1,1,1,1
8.0,4,34,1,1,1,1,1,1,1,1,1,1,1,1
8.0,4,36,1,1,1,1,1,1,1,1,1,1,1,1
8.0,4,37,1,1,1,1,1,1,1,1,1,1,1,1
8.0,4,41,1,1,1,1,1,1,1,1,1,1,1,1
8.0,4,44,8,8,8,8,8,8,8,8,8,8,8,8
8.0,4,45,2,2,2,2,2,2,2,2,2,2,2,2
8.0,4,61,3,3,3,3,3,3,3,3,3,3,3,3
8.0,5,11,20,20,20,20,20,20,20,20,20,20,20,20
8.0,5,14,2,2,2,2,2,2,2,2,2,2,2,2
8.0,5,21,1,1,1,1,1,1,1,1,1,1,1,1
8.0,5,31,4,4,4,4,4,4,4,4,4,4,4,4
8.0,5,32,28,28,28,28,28,28,28,28,28,28,28,28
8.0,5,33,1,1,1,1,1,1,1,1,1,1,1,1
8.0,5,35,5,5,5,5,5,5,5,5,5,5,5,5
8.0,5,37,2,2,2,2,2,2,2,2,2,2,2,2
8.0,5,42,1,1,1,1,1,1,1,1,1,1,1,1
8.0,5,44,2,2,2,2,2,2,2,2,2,2,2,2
8.0,5,50,1,1,1,1,1,1,1,1,1,1,1,1
8.0,5,64,1,1,1,1,1,1,1,1,1,1,1,1
8.0,5,400,4,4,4,4,4,4,4,4,4,4,4,4
8.0,6,11,2,2,2,2,2,2,2,2,2,2,2,2
8.0,6,13,1,1,1,1,1,1,1,1,1,1,1,1
8.0,6,31,5,5,5,5,5,5,5,5,5,5,5,5
8.0,6,33,2,2,2,2,2,2,2,2,2,2,2,2
8.0,6,35,1,1,1,1,1,1,1,1,1,1,1,1
8.0,6,37,6,6,6,6,6,6,6,6,6,6,6,6
8.0,6,42,1,1,1,1,1,1,1,1,1,1,1,1
8.0,6,43,2,2,2,2,2,2,2,2,2,2,2,2
8.0,6,44,4,4,4,4,4,4,4,4,4,4,4,4
8.0,6,50,1,1,1,1,1,1,1,1,1,1,1,1
8.0,6,51,2,2,2,2,2,2,2,2,2,2,2,2
8.0,7,11,2,2,2,2,2,2,2,2,2,2,2,2
8.0,7,12,6,6,6,6,6,6,6,6,6,6,6,6
8.0,7,13,2,2,2,2,2,2,2,2,2,2,2,2
8.0,7,22,1,1,1,1,1,1,1,1,1,1,1,1
8.0,7,31,1,1,1,1,1,1,1,1,1,1,1,1
8.0,7,33,24,24,24,24,24,24,24,24,24,24,24,24
8.0,7,36,2,2,2,2,2,2,2,2,2,2,2,2
8.0,7,37,2,2,2,2,2,2,2,2,2,2,2,2
8.0,7,41,1,1,1,1,1,1,1,1,1,1,1,1
8.0,7,44,4,4,4,4,4,4,4,4,4,4,4,4
8.0,7,50,1,1,1,1,1,1,1,1,1,1,1,1
8.0,7,51,4,4,4,4,4,4,4,4,4,4,4,4
8.0,7,61,2,2,2,2,2,2,2,2,2,2,2,2
8.0,7,400,3,3,3,3,3,3,3,3,3,3,3,3
8.0,8,11,13,13,13,13,13,13,13,13,13,13,13,13
8.0,8,13,2,2,2,2,2,2,2,2,2,2,2,2
8.0,8,32,2,2,2,2,2,2,2,2,2,2,2,2
8.0,8,34,2,2,2,2,2,2,2,2,2,2,2,2
8.0,8,35,5,5,5,5,5,5,5,5,5,5,5,5
8.0,8,36,3,3,3,3,3,3,3,3,3,3,3,3
8.0,8,37,4,4,4,4,4,4,4,4,4,4,4,4
8.0,8,43,1,1,1,1,1,1,1,1,1,1,1,1
8.0,8,44,6,6,6,6,6,6,6,6,6,6,6,6
8.0,9,12,2,2,2,2,2,2,2,2,2,2,2,2
8.0,9,13,1,1,1,1,1,1,1,1,1,1,1,1
8.0,9,31,7,7,7,7,7,7,7,7,7,7,7,7
8.0,9,32,3,3,3,3,3,3,3,3,3,3,3,3
8.0,9,35,1,1,1,1,1,1,1,1,1,1,1,1
8.0,9,36,1,1,1,1,1,1,1,1,1,1,1,1
8.0,9,37,1,1,1,1,1,1,1,1,1,1,1,1
8.0,9,41,1,1,1,1,1,1,1,1,1,1,1,1
8.0,9,51,1,1,1,1,1,1,1,1,1,1,1,1
8.0,10,13,1,1,1,1,1,1,1,1,1,1,1,1
8.0,10,31,2,2,2,2,2,2,2,2,2,2,2,2
8.0,10,32,2,2,2,2,2,2,2,2,2,2,2,2
8.0,10,33,3,3,3,3,3,3,3,3,3,3,3,3
8.0,10,34,3,3,3,3,3,3,3,3,3,3,3,3
8.0,10,41,1,1,1,1,1,1,1,1,1,1,1,1
8.0,10,42,1,1,1,1,1,1,1,1,1,1,1,1
8.0,10,71,3,3,3,3,3,3,3,3,3,3,3,3
8.0,10,400,1,1,1,1,1,1,1,1,1,1,1,1
8.0,11,11,1,1,1,1,1,1,1,1,1,1,1,1
8.0,11,21,1,1,1,1,1,1,1,1,1,1,1,1
8.0,11,33,1,1,1,1,1,1,1,1,1,1,1,1
8.0,11,37,3,3,3,3,3,3,3,3,3,3,3,3
8.0,11,400,4,4,4,4,4,4,4,4,4,4,4,4
8.0,12,11,1,1,1,1,1,1,1,1,1,1,1,1
8.0,12,31,1,1,1,1,1,1,1,1,1,1,1,1
8.0,12,34,2,2,2,2,2,2,2,2,2,2,2,2
8.0,12,37,1,1,1,1,1,1,1,1,1,1,1,1
8.0,12,43,1,1,1,1,1,1,1,1,1,1,1,1
8.0,12,50,2,2,2,2,2,2,2,2,2,2,2,2
8.0,13,11,1,1,1,1,1,1,1,1,1,1,1,1
8.0,13,34,2,2,2,2,2,2,2,2,2,2,2,2
8.0,13,41,1,1,1,1,1,1,1,1,1,1,1,1
8.0,13,44,2,2,2,2,2,2,2,2,2,2,2,2
8.0,13,71,1,1,1,1,1,1,1,1,1,1,1,1
8.0,14,11,1,1,1,1,1,1,1,1,1,1,1,1
8.0,14,21,1,1,1,1,1,1,1,1,1,1,1,1
8.0,14,31,3,3,3,3,3,3,3,3,3,3,3,3
8.0,14,51,1,1,1,1,1,1,1,1,1,1,1,1
8.0,15,31,11,11,11,11,11,11,11,11,11,11,11,11
8.0,15,34,1,1,1,1,1,1,1,1,1,1,1,1
8.0,15,37,1,1,1,1,1,1,1,1,1,1,1,1
8.0,15,41,1,1,1,1,1,1,1,1,1,1,1,1
8.0,15,50,2,2,2,2,2,2,2,2,2,2,2,2
8.0,15,51,1,1,1,1,1,1,1,1,1,1,1,1
8.0,15,400,1,1,1,1,1,1,1,1,1,1,1,1
8.0,16,51,1,1,1,1,1,1,1,1,1,1,1,1
8.0,16,400,13,13,13,13,13,13,13,13,13,13,13,13
8.0,17,31,12,12,12,12,12,12,12,12,12,12,12,12
8.0,17,37,1,1,1,1,1,1,1,1,1,1,1,1
8.0,18,34,3,3,3,3,3,3,3,3,3,3,3,3
8.0,18,44,2,2,2,2,2,2,2,2,2,2,2,2
8.0,19,44,3,3,3,3,3,3,3,3,3,3,3,3
8.0,20,44,2,2,2,2,2,2,2,2,2,2,2,2
8.0,21,54,1,1,1,1,1,1,1,1,1,1,1,1
8.0,25,15,1,1,1,1,1,1,1,1,1,1,1,1
8.0,25,53,2,2,2,2,2,2,2,2,2,2,2,2
8.0,26,12,1,1,1,1,1,1,1,1,1,1,1,1
8.0,27,23,1,1,1,1,1,1,1,1,1,1,1,1
8.0,28,400,1,1,1,1,1,1,1,1,1,1,1,1
8.0,30,400,1,1,1,1,1,1,1,1,1,1,1,1
8.0,32,53,1,1,1,1,1,1,1,1,1,1,1,1
8.0,36,50,1,1,1,1,1,1,1,1,1,1,1,1
8.0,52,44,1,1,1,1,1,1,1,1,1,1,1,1
8.0,53,44,1,1,1,1,1,1,1,1,1,1,1,1
8.0,90,71,1,1,1,1,1,1,1,1,1,1,1,1
8.0,1000,11,63,63,63,63,63,63,63,63,63,63,63,63
8.0,1000,12,4,4,4,4,4,4,4,4,4,4,4,4
8.0,1000,13,9,9,9,9,9,9,9,9,9,9,9,9
8.0,1000,14,3,3,3,3,3,3,3,3,3,3,3,3
8.0,1000,15,3,3,3,3,3,3,3,3,3,3,3,3
8.0,1000,21,8,8,8,8,8,8,8,8,8,8,8,8
8.0,1000,22,4,4,4,4,4,4,4,4,4,4,4,4
8.0,1000,23,21,21,21,21,21,21,21,21,21,21,21,21
8.0,1000,31,43,43,43,43,43,43,43,43,43,43,43,43
8.0,1000,32,7,7,7,7,7,7,7,7,7,7,7,7
8.0,1000,33,29,29,29,29,29,29,29,29,29,29,29,29
8.0,1000,34,3,3,3,3,3,3,3,3,3,3,3,3
8.0,1000,35,4,4,4,4,4,4,4,4,4,4,4,4
8.0,1000,36,2,2,2,2,2,2,2,2,2,2,2,2
8.0,1000,37,11,11,11,11,11,11,11,11,11,11,11,11
8.0,1000,41,8,8,8,8,8,8,8,8,8,8,8,8
8.0,1000,42,3,3,3,3,3,3,3,3,3,3,3,3
8.0,1000,43,4,4,4,4,4,4,4,4,4,4,4,4
8.0,1000,44,85,85,85,85,85,85,85,85,85,85,85,85
8.0,1000,45,1,1,1,1,1,1,1,1,1,1,1,1
8.0,1000,50,5,5,5,5,5,5,5,5,5,5,5,5
8.0,1000,51,4,4,4,4,4,4,4,4,4,4,4,4
8.0,1000,52,5,5,5,5,5,5,5,5,5,5,5,5
8.0,1000,53,2,2,2,2,2,2,2,2,2,2,2,2
8.0,1000,54,1,1,1,1,1,1,1,1,1,1,1,1
8.0,1000,61,8,8,8,8,8,8,8,8,8,8,8,8
8.0,1000,62,1,1,1,1,1,1,1,1,1,1,1,1
8.0,1000,65,1,1,1,1,1,1,1,1,1,1,1,1
8.0,1000,81,4,4,4,4,4,4,4,4,4,4,4,4
8.0,1000,100,177,177,177,177,177,177,177,177,177,177,177,177
8.0,1000,400,28,28,28,28,28,28,28,28,28,28,28,28
8.0,,,7,7,7,7,7,7,7,7,7,7,7,7
9.0,1,11,142,142,142,142,142,142,142,142,142,142,142,142
9.0,1,12,22,22,22,22,22,22,22,22,22,22,22,22
9.0,1,13,38,38,38,38,38,38,38,38,38,38,38,38
9.0,1,14,5,5,5,5,5,5,5,5,5,5,5,5
9.0,1,15,4,4,4,4,4,4,4,4,4,4,4,4
9.0,1,21,62,62,62,62,62,62,62,62,62,62,62,62
9.0,1,22,22,22,22,22,22,22,22,22,22,22,22,22
9.0,1,23,15,15,15,15,15,15,15,15,15,15,15,15
9.0,1,31,45,45,45,45,45,45,45,45,45,45,45,45
9.0,1,32,46,46,46,46,46,46,46,46,46,46,46,46
9.0,1,33,66,66,66,66,66,66,66,66,66,66,66,66
9.0,1,34,25,25,25,25,25,25,25,25,25,25,25,25
9.0,1,35,83,83,83,83,83,83,83,83,83,83,83,83
9.0,1,36,5,5,5,5,5,5,5,5,5,5,5,5
9.0,1,37,20,20,20,20,20,20,20,20,20,20,20,20
9.0,1,41,34,34,34,34,34,34,34,34,34,34,34,34
9.0,1,42,43,43,43,43,43,43,43,43,43,43,43,43
9.0,1,43,35,35,35,35,35,35,35,35,35,35,35,35
9.0,1,44,169,169,169,169,169,169,169,169,169,169,169,169
9.0,1,45,14,14,14,14,14,14,14,14,14,14,14,14
9.0,1,46,30,30,30,30,30,30,30,30,30,30,30,30
9.0,1,50,2,2,2,2,2,2,2,2,2,2,2,2
9.0,1,51,120,120,120,120,120,120,120,120,120,120,120,120
9.0,1,52,5,5,5,5,5,5,5,5,5,5,5,5
9.0,1,53,64,64,64,64,64,64,64,64,64,64,64,64
9.0,1,54,8,8,8,8,8,8,8,8,8,8,8,8
9.0,1,61,31,31,31,31,31,31,31,31,31,31,31,31
9.0,1,62,4,4,4,4,4,4,4,4,4,4,4,4
9.0,1,63,1,1,1,1,1,1,1,1,1,1,1,1
9.0,1,64,12,12,12,12,12,12,12,12,12,12,12,12
9.0,1,65,1,1,1,1,1,1,1,1,1,1,1,1
9.0,1,71,4,4,4,4,4,4,4,4,4,4,4,4
9.0,1,81,5,5,5,5,5,5,5,5,5,5,5,5
9.0,1,400,61,61,61,61,61,61,61,61,61,61,61,61
9.0,2,11,58,58,58,58,58,58,58,58,58,58,58,58
9.0,2,13,10,10,10,10,10,10,10,10,10,10,10,10
9.0,2,14,8,8,8,8,8,8,8,8,8,8,8,8
9.0,2,15,4,4,4,4,4,4,4,4,4,4,4,4
9.0,2,21,21,21,21,21,21,21,21,21,21,21,21,21
9.0,2,22,10,10,10,10,10,10,10,10,10,10,10,10
9.0,2,23,8,8,8,8,8,8,8,8,8,8,8,8
9.0,2,32,21,21,21,21,21,21,21,21,21,21,21,21
9.0,2,33,25,25,25,25,25,25,25,25,25,25,25,25
9.0,2,34,2,2,2,2,2,2,2,2,2,2,2,2
9.0,2,35,56,56,56,56,56,56,56,56,56,56,56,56
9.0,2,36,1,1,1,1,1,1,1,1,1,1,1,1
9.0,2,37,14,14,14,14,14,14,14,14,14,14,14,14
9.0,2,41,1,1,1,1,1,1,1,1,1,1,1,1
9.0,2,43,5,5,5,5,5,5,5,5,5,5,5,5
9.0,2,44,1,1,1,1,1,1,1,1,1,1,1,1
9.0,2,46,17,17,17,17,17,17,17,17,17,17,17,17
9.0,2,64,16,16,16,16,16,16,16,16,16,16,16,16
9.0,2,65,1,1,1,1,1,1,1,1,1,1,1,1
9.0,2,81,5,5,5,5,5,5,5,5,5,5,5,5
9.0,2,82,2,2,2,2,2,2,2,2,2,2,2,2
9.0,2,400,42,42,42,42,42,42,42,42,42,42,42,42
9.0,3,11,4,4,4,4,4,4,4,4,4,4,4,4
9.0,3,12,8,8,8,8,8,8,8,8,8,8,8,8
9.0,3,13,68,68,68,68,68,68,68,68,68,68,68,68
9.0,3,14,1,1,1,1,1,1,1,1,1,1,1,1
9.0,3,21,3,3,3,3,3,3,3,3,3,3,3,3
9.0,3,22,20,20,20,20,20,20,20,20,20,20,20,20
9.0,3,23,1,1,1,1,1,1,1,1,1,1,1,1
9.0,3,31,4,4,4,4,4,4,4,4,4,4,4,4
9.0,3,32,14,14,14,14,14,14,14,14,14,14,14,14
9.0,3,33,35,35,35,35,35,35,35,35,35,35,35,35
9.0,3,34,1,1,1,1,1,1,1,1,1,1,1,1
9.0,3,35,15,15,15,15,15,15,15,15,15,15,15,15
9.0,3,36,1,1,1,1,1,1,1,1,1,1,1,1
9.0,3,37,4,4,4,4,4,4,4,4,4,4,4,4
9.0,3,41,5,5,5,5,5,5,5,5,5,5,5,5
9.0,3,42,17,17,17,17,17,17,17,17,17,17,17,17
9.0,3,43,3,3,3,3,3,3,3,3,3,3,3,3
9.0,3,44,218,218,218,218,218,218,218,218,218,218,218,218
9.0,3,45,5,5,5,5,5,5,5,5,5,5,5,5
9.0,3,50,1,1,1,1,1,1,1,1,1,1,1,1
9.0,3,52,3,3,3,3,3,3,3,3,3,3,3,3
9.0,3,53,2,2,2,2,2,2,2,2,2,2,2,2
9.0,3,400,18,18,18,18,18,18,18,18,18,18,18,18
9.0,4,11,38,38,38,38,38,38,38,38,38,38,38,38
9.0,4,13,3,3,3,3,3,3,3,3,3,3,3,3
9.0,4,14,1,1,1,1,1,1,1,1,1,1,1,1
9.0,4,15,2,2,2,2,2,2,2,2,2,2,2,2
9.0,4,21,4,4,4,4,4,4,4,4,4,4,4,4
9.0,4,22,2,2,2,2,2,2,2,2,2,2,2,2
9.0,4,23,2,2,2,2,2,2,2,2,2,2,2,2
9.0,4,31,17,17,17,17,17,17,17,17,17,17,17,17
9.0,4,32,18,18,18,18,18,18,18,18,18,18,18,18
9.0,4,33,5,5,5,5,5,5,5,5,5,5,5,5
9.0,4,34,3,3,3,3,3,3,3,3,3,3,3,3
9.0,4,36,25,25,25,25,25,25,25,25,25,25,25,25
9.0,4,37,4,4,4,4,4,4,4,4,4,4,4,4
9.0,4,41,1,1,1,1,1,1,1,1,1,1,1,1
9.0,4,43,4,4,4,4,4,4,4,4,4,4,4,4
9.0,4,44,7,7,7,7,7,7,7,7,7,7,7,7
9.0,4,53,4,4,4,4,4,4,4,4,4,4,4,4
9.0,4,61,5,5,5,5,5,5,5,5,5,5,5,5
9.0,4,81,4,4,4,4,4,4,4,4,4,4,4,4
9.0,4,400,1,1,1,1,1,1,1,1,1,1,1,1
9.0,5,11,249,249,249,249,249,249,249,249,249,249,249,249
9.0,5,12,3,3,3,3,3,3,3,3,3,3,3,3
9.0,5,14,2,2,2,2,2,2,2,2,2,2,2,2
9.0,5,15,2,2,2,2,2,2,2,2,2,2,2,2
9.0,5,22,1,1,1,1,1,1,1,1,1,1,1,1
9.0,5,31,74,74,74,74,74,74,74,74,74,74,74,74
9.0,5,32,72,72,72,72,72,72,72,72,72,72,72,72
9.0,5,33,1,1,1,1,1,1,1,1,1,1,1,1
9.0,5,35,5,5,5,5,5,5,5,5,5,5,5,5
9.0,5,36,1,1,1,1,1,1,1,1,1,1,1,1
9.0,5,37,2,2,2,2,2,2,2,2,2,2,2,2
9.0,5,41,1,1,1,1,1,1,1,1,1,1,1,1
9.0,5,42,2,2,2,2,2,2,2,2,2,2,2,2
9.0,5,44,2,2,2,2,2,2,2,2,2,2,2,2
9.0,5,45,3,3,3,3,3,3,3,3,3,3,3,3
9.0,5,50,7,7,7,7,7,7,7,7,7,7,7,7
9.0,5,51,1,1,1,1,1,1,1,1,1,1,1,1
9.0,5,53,1,1,1,1,1,1,1,1,1,1,1,1
9.0,5,61,5,5,5,5,5,5,5,5,5,5,5,5
9.0,5,62,3,3,3,3,3,3,3,3,3,3,3,3
9.0,5,400,10,10,10,10,10,10,10,10,10,10,10,10
9.0,6,11,29,29,29,29,29,29,29,29,29,29,29,29
9.0,6,12,16,16,16,16,16,16,16,16,16,16,16,16
9.0,6,13,19,19,19,19,19,19,19,19,19,19,19,19
9.0,6,14,6,6,6,6,6,6,6,6,6,6,6,6
9.0,6,21,2,2,2,2,2,2,2,2,2,2,2,2
9.0,6,23,1,1,1,1,1,1,1,1,1,1,1,1
9.0,6,31,18,18,18,18,18,18,18,18,18,18,18,18
9.0,6,32,21,21,21,21,21,21,21,21,21,21,21,21
9.0,6,33,7,7,7,7,7,7,7,7,7,7,7,7
9.0,6,37,25,25,25,25,25,25,25,25,25,25,25,25
9.0,6,42,1,1,1,1,1,1,1,1,1,1,1,1
9.0,6,43,1,1,1,1,1,1,1,1,1,1,1,1
9.0,6,44,35,35,35,35,35,35,35,35,35,35,35,35
9.0,6,45,2,2,2,2,2,2,2,2,2,2,2,2
9.0,6,50,15,15,15,15,15,15,15,15,15,15,15,15
9.0,6,51,3,3,3,3,3,3,3,3,3,3,3,3
9.0,6,53,1,1,1,1,1,1,1,1,1,1,1,1
9.0,6,62,1,1,1,1,1,1,1,1,1,1,1,1
9.0,7,13,6,6,6,6,6,6,6,6,6,6,6,6
9.0,7,21,2,2,2,2,2,2,2,2,2,2,2,2
9.0,7,22,1,1,1,1,1,1,1,1,1,1,1,1
9.0,7,31,10,10,10,10,10,10,10,10,10,10,10,10
9.0,7,32,5,5,5,5,5,5,5,5,5,5,5,5
9.0,7,33,3,3,3,3,3,3,3,3,3,3,3,3
9.0,7,34,1,1,1,1,1,1,1,1,1,1,1,1
9.0,7,35,1,1,1,1,1,1,1,1,1,1,1,1
9.0,7,36,1,1,1,1,1,1,1,1,1,1,1,1
9.0,7,37,3,3,3,3,3,3,3,3,3,3,3,3
9.0,7,41,4,4,4,4,4,4,4,4,4,4,4,4
9.0,7,43,3,3,3,3,3,3,3,3,3,3,3,3
9.0,7,44,8,8,8,8,8,8,8,8,8,8,8,8
9.0,7,50,1,1,1,1,1,1,1,1,1,1,1,1
9.0,7,51,4,4,4,4,4,4,4,4,4,4,4,4
9.0,7,61,1,1,1,1,1,1,1,1,1,1,1,1
9.0,7,400,8,8,8,8,8,8,8,8,8,8,8,8
9.0,8,11,228,228,228,228,228,228,228,228,228,228,228,228
9.0,8,13,10,10,10,10,10,10,10,10,10,10,10,10
9.0,8,14,6,6,6,6,6,6,6,6,6,6,6,6
9.0,8,21,3,3,3,3,3,3,3,3,3,3,3,3
9.0,8,31,6,6,6,6,6,6,6,6,6,6,6,6
9.0,8,32,4,4,4,4,4,4,4,4,4,4,4,4
9.0,8,33,8,8,8,8,8,8,8,8,8,8,8,8
9.0,8,34,12,12,12,12,12,12,12,12,12,12,12,12
9.0,8,35,1,1,1,1,1,1,1,1,1,1,1,1
9.0,8,36,1,1,1,1,1,1,1,1,1,1,1,1
9.0,8,37,6,6,6,6,6,6,6,6,6,6,6,6
9.0,8,41,2,2,2,2,2,2,2,2,2,2,2,2
9.0,8,44,5,5,5,5,5,5,5,5,5,5,5,5
9.0,8,45,1,1,1,1,1,1,1,1,1,1,1,1
9.0,8,50,4,4,4,4,4,4,4,4,4,4,4,4
9.0,8,62,3,3,3,3,3,3,3,3,3,3,3,3
9.0,9,13,6,6,6,6,6,6,6,6,6,6,6,6
9.0,9,21,5,5,5,5,5,5,5,5,5,5,5,5
9.0,9,31,8,8,8,8,8,8,8,8,8,8,8,8
9.0,9,32,9,9,9,9,9,9,9,9,9,9,9,9
9.0,9,37,4,4,4,4,4,4,4,4,4,4,4,4
9.0,9,41,1,1,1,1,1,1,1,1,1,1,1,1
9.0,9,42,1,1,1,1,1,1,1,1,1,1,1,1
9.0,9,44,1,1,1,1,1,1,1,1,1,1,1,1
9.0,9,45,1,1,1,1,1,1,1,1,1,1,1,1
9.0,9,50,1,1,1,1,1,1,1,1,1,1,1,1
9.0,9,51,1,1,1,1,1,1,1,1,1,1,1,1
9.0,9,61,2,2,2,2,2,2,2,2,2,2,2,2
9.0,9,62,2,2,2,2,2,2,2,2,2,2,2,2
9.0,10,13,4,4,4,4,4,4,4,4,4,4,4,4
9.0,10,21,1,1,1,1,1,1,1,1,1,1,1,1
9.0,10,31,15,15,15,15,15,15,15,15,15,15,15,15
9.0,10,32,5,5,5,5,5,5,5,5,5,5,5,5
9.0,10,34,7,7,7,7,7,7,7,7,7,7,7,7
9.0,10,36,3,3,3,3,3,3,3,3,3,3,3,3
9.0,10,37,3,3,3,3,3,3,3,3,3,3,3,3
9.0,10,41,2,2,2,2,2,2,2,2,2,2,2,2
9.0,10,43,14,14,14,14,14,14,14,14,14,14,14,14
9.0,10,51,1,1,1,1,1,1,1,1,1,1,1,1
9.0,10,81,9,9,9,9,9,9,9,9,9,9,9,9
9.0,11,12,3,3,3,3,3,3,3,3,3,3,3,3
9.0,11,13,1,1,1,1,1,1,1,1,1,1,1,1
9.0,11,32,1,1,1,1,1,1,1,1,1,1,1,1
9.0,11,34,2,2,2,2,2,2,2,2,2,2,2,2
9.0,11,36,7,7,7,7,7,7,7,7,7,7,7,7
9.0,11,41,1,1,1,1,1,1,1,1,1,1,1,1
9.0,11,42,1,1,1,1,1,1,1,1,1,1,1,1
9.0,11,51,2,2,2,2,2,2,2,2,2,2,2,2
9.0,11,400,52,52,52,52,52,52,52,52,52,52,52,52
9.0,12,11,2,2,2,2,2,2,2,2,2,2,2,2
9.0,12,21,2,2,2,2,2,2,2,2,2,2,2,2
9.0,12,23,2,2,2,2,2,2,2,2,2,2,2,2
9.0,12,31,19,19,19,19,19,19,19,19,19,19,19,19
9.0,12,34,4,4,4,4,4,4,4,4,4,4,4,4
9.0,12,37,2,2,2,2,2,2,2,2,2,2,2,2
9.0,12,41,2,2,2,2,2,2,2,2,2,2,2,2
9.0,12,42,1,1,1,1,1,1,1,1,1,1,1,1
9.0,12,43,4,4,4,4,4,4,4,4,4,4,4,4
9.0,12,44,4,4,4,4,4,4,4,4,4,4,4,4
9.0,12,45,2,2,2,2,2,2,2,2,2,2,2,2
9.0,12,50,16,16,16,16,16,16,16,16,16,16,16,16
9.0,12,400,1,1,1,1,1,1,1,1,1,1,1,1
9.0,13,11,2,2,2,2,2,2,2,2,2,2,2,2
9.0,13,12,3,3,3,3,3,3,3,3,3,3,3,3
9.0,13,31,10,10,10,10,10,10,10,10,10,10,10,10
9.0,13,32,2,2,2,2,2,2,2,2,2,2,2,2
9.0,13,34,1,1,1,1,1,1,1,1,1,1,1,1
9.0,13,37,8,8,8,8,8,8,8,8,8,8,8,8
9.0,13,41,2,2,2,2,2,2,2,2,2,2,2,2
9.0,13,43,1,1,1,1,1,1,1,1,1,1,1,1
9.0,13,44,3,3,3,3,3,3,3,3,3,3,3,3
9.0,13,51,3,3,3,3,3,3,3,3,3,3,3,3
9.0,14,11,26,26,26,26,26,26,26,26,26,26,26,26
9.0,14,21,1,1,1,1,1,1,1,1,1,1,1,1
9.0,14,31,6,6,6,6,6,6,6,6,6,6,6,6
9.0,14,41,1,1,1,1,1,1,1,1,1,1,1,1
9.0,14,44,5,5,5,5,5,5,5,5,5,5,5,5
9.0,15,11,1,1,1,1,1,1,1,1,1,1,1,1
9.0,15,31,51,51,51,51,51,51,51,51,51,51,51,51
9.0,15,37,1,1,1,1,1,1,1,1,1,1,1,1
9.0,15,41,2,2,2,2,2,2,2,2,2,2,2,2
9.0,15,400,7,7,7,7,7,7,7,7,7,7,7,7
9.0,16,11,1,1,1,1,1,1,1,1,1,1,1,1
9.0,16,31,2,2,2,2,2,2,2,2,2,2,2,2
9.0,16,37,9,9,9,9,9,9,9,9,9,9,9,9
9.0,16,44,3,3,3,3,3,3,3,3,3,3,3,3
9.0,16,51,3,3,3,3,3,3,3,3,3,3,3,3
9.0,16,400,30,30,30,30,30,30,30,30,30,30,30,30
9.0,17,31,1,1,1,1,1,1,1,1,1,1,1,1
9.0,17,51,1,1,1,1,1,1,1,1,1,1,1,1
9.0,17,400,2,2,2,2,2,2,2,2,2,2,2,2
9.0,18,31,5,5,5,5,5,5,5,5,5,5,5,5
9.0,18,34,5,5,5,5,5,5,5,5,5,5,5,5
9.0,18,44,4,4,4,4,4,4,4,4,4,4,4,4
9.0,18,51,2,2,2,2,2,2,2,2,2,2,2,2
9.0,18,400,3,3,3,3,3,3,3,3,3,3,3,3
9.0,19,31,2,2,2,2,2,2,2,2,2,2,2,2
9.0,19,44,53,53,53,53,53,53,53,53,53,53,53,53
9.0,19,51,1,1,1,1,1,1,1,1,1,1,1,1
9.0,20,31,3,3,3,3,3,3,3,3,3,3,3,3
9.0,20,44,6,6,6,6,6,6,6,6,6,6,6,6
9.0,20,51,1,1,1,1,1,1,1,1,1,1,1,1
9.0,21,63,1,1,1,1,1,1,1,1,1,1,1,1
9.0,21,400,10,10,10,10,10,10,10,10,10,10,10,10
9.0,22,45,15,15,15,15,15,15,15,15,15,15,15,15
9.0,22,50,1,1,1,1,1,1,1,1,1,1,1,1
9.0,22,400,1,1,1,1,1,1,1,1,1,1,1,1
9.0,23,52,1,1,1,1,1,1,1,1,1,1,1,1
9.0,23,63,1,1,1,1,1,1,1,1,1,1,1,1
9.0,24,22,1,1,1,1,1,1,1,1,1,1,1,1
9.0,24,52,1,1,1,1,1,1,1,1,1,1,1,1
9.0,25,12,1,1,1,1,1,1,1,1,1,1,1,1
9.0,26,12,2,2,2,2,2,2,2,2,2,2,2,2
9.0,26,52,2,2,2,2,2,2,2,2,2,2,2,2
9.0,27,400,1,1,1,1,1,1,1,1,1,1,1,1
9.0,29,15,2,2,2,2,2,2,2,2,2,2,2,2
9.0,29,53,1,1,1,1,1,1,1,1,1,1,1,1
9.0,29,62,1,1,1,1,1,1,1,1,1,1,1,1
9.0,29,65,2,2,2,2,2,2,2,2,2,2,2,2
9.0,31,42,1,1,1,1,1,1,1,1,1,1,1,1
9.0,31,43,1,1,1,1,1,1,1,1,1,1,1,1
9.0,31,53,2,2,2,2,2,2,2,2,2,2,2,2
9.0,31,400,2,2,2,2,2,2,2,2,2,2,2,2
9.0,32,53,5,5,5,5,5,5,5,5,5,5,5,5
9.0,40,65,4,4,4,4,4,4,4,4,4,4,4,4
9.0,41,50,5,5,5,5,5,5,5,5,5,5,5,5
9.0,44,65,1,1,1,1,1,1,1,1,1,1,1,1
9.0,51,44,3,3,3,3,3,3,3,3,3,3,3,3
9.0,52,44,4,4,4,4,4,4,4,4,4,4,4,4
9.0,82,50,2,2,2,2,2,2,2,2,2,2,2,2
9.0,90,46,2,2,2,2,2,2,2,2,2,2,2,2
9.0,90,71,5,5,5,5,5,5,5,5,5,5,5,5
9.0,1000,11,261,261,261,261,261,261,261,261,261,261,261,261
9.0,1000,12,17,17,17,17,17,17,17,17,17,17,17,17
9.0,1000,13,32,32,32,32,32,32,32,32,32,32,32,32
9.0,1000,14,7,7,7,7,7,7,7,7,7,7,7,7
9.0,1000,15,4,4,4,4,4,4,4,4,4,4,4,4
9.0,1000,21,15,15,15,15,15,15,15,15,15,15,15,15
9.0,1000,22,5,5,5,5,5,5,5,5,5,5,5,5
9.0,1000,23,6,6,6,6,6,6,6,6,6,6,6,6
9.0,1000,31,109,109,109,109,109,109,109,109,109,109,109,109
9.0,1000,32,63,63,63,63,63,63,63,63,63,63,63,63
9.0,1000,33,28,28,28,28,28,28,28,28,28,28,28,28
9.0,1000,34,9,9,9,9,9,9,9,9,9,9,9,9
9.0,1000,35,2,2,2,2,2,2,2,2,2,2,2,2
9.0,1000,36,3,3,3,3,3,3,3,3,3,3,3,3
9.0,1000,37,23,23,23,23,23,23,23,23,23,23,23,23
9.0,1000,41,12,12,12,12,12,12,12,12,12,12,12,12
9.0,1000,42,33,33,33,33,33,33,33,33,33,33,33,33
9.0,1000,43,18,18,18,18,18,18,18,18,18,18,18,18
9.0,1000,44,97,97,97,97,97,97,97,97,97,97,97,97
9.0,1000,45,9,9,9,9,9,9,9,9,9,9,9,9
9.0,1000,46,7,7,7,7,7,7,7,7,7,7,7,7
9.0,1000,50,14,14,14,14,14,14,14,14,14,14,14,14
9.0,1000,51,19,19,19,19,19,19,19,19,19,19,19,19
9.0,1000,52,1,1,1,1,1,1,1,1,1,1,1,1
9.0,1000,53,13,13,13,13,13,13,13,13,13,13,13,13
9.0,1000,54,2,2,2,2,2,2,2,2,2,2,2,2
9.0,1000,61,9,9,9,9,9,9,9,9,9,9,9,9
9.0,1000,62,3,3,3,3,3,3,3,3,3,3,3,3
9.0,1000,65,1,1,1,1,1,1,1,1,1,1,1,1
9.0,1000,71,1,1,1,1,1,1,1,1,1,1,1,1
9.0,1000,81,5,5,5,5,5,5,5,5,5,5,5,5
9.0,1000,100,567,567,567,567,567,567,567,567,567,567,567,567
9.0,1000,400,97,97,97,97,97,97,97,97,97,97,97,97
9.0,,,9,9,9,9,9,9,9,9,9,9,9,9
10.0,1,11,242,242,242,242,242,242,242,242,242,242,242,242
10.0,1,12,10,10,10,10,10,10,10,10,10,10,10,10
10.0,1,13,56,56,56,56,56,56,56,56,56,56,56,56
10.0,1,14,34,34,34,34,34,34,34,34,34,34,34,34
10.0,1,15,21,21,21,21,21,21,21,21,21,21,21,21
10.0,1,21,41,41,41,41,41,41,41,41,41,41,41,41
10.0,1,22,43,43,43,43,43,43,43,43,43,43,43,43
10.0,1,23,30,30,30,30,30,30,30,30,30,30,30,30
10.0,1,31,39,39,39,39,39,39,39,39,39,39,39,39
10.0,1,32,95,95,95,95,95,95,95,95,95,95,95,95
10.0,1,33,138,138,138,138,138,138,138,138,138,138,138,138
10.0,1,34,64,64,64,64,64,64,64,64,64,64,64,64
10.0,1,35,59,59,59,59,59,59,59,59,59,59,59,59
10.0,1,36,23,23,23,23,23,23,23,23,23,23,23,23
10.0,1,37,59,59,59,59,59,59,59,59,59,59,59,59
10.0,1,41,124,124,124,124,124,124,124,124,124,124,124,124
10.0,1,42,101,101,101,101,101,101,101,101,101,101,101,101
10.0,1,43,44,44,44,44,44,44,44,44,44,44,44,44
10.0,1,44,230,230,230,230,230,230,230,230,230,230,230,230
10.0,1,45,35,35,35,35,35,35,35,35,35,35,35,35
10.0,1,46,14,14,14,14,14,14,14,14,14,14,14,14
10.0,1,50,7,7,7,7,7,7,7,7,7,7,7,7
10.0,1,51,144,144,144,144,144,144,144,144,144,144,144,144
10.0,1,52,19,19,19,19,19,19,19,19,19,19,19,19
10.0,1,53,54,54,54,54,54,54,54,54,54,54,54,54
10.0,1,54,1,1,1,1,1,1,1,1,1,1,1,1
10.0,1,61,85,85,85,85,85,85,85,85,85,85,85,85
10.0,1,62,22,22,22,22,22,22,22,22,22,22,22,22
10.0,1,63,9,9,9,9,9,9,9,9,9,9,9,9
10.0,1,64,16,16,16,16,16,16,16,16,16,16,16,16
10.0,1,65,19,19,19,19,19,19,19,19,19,19,19,19
10.0,1,71,4,4,4,4,4,4,4,4,4,4,4,4
10.0,1,81,10,10,10,10,10,10,10,10,10,10,10,10
10.0,1,82,12,12,12,12,12,12,12,12,12,12,12,12
10.0,1,400,26,26,26,26,26,26,26,26,26,26,26,26
10.0,2,11,23,23,23,23,23,23,23,23,23,23,23,23
10.0,2,12,6,6,6,6,6,6,6,6,6,6,6,6
10.0,2,13,11,11,11,11,11,11,11,11,11,11,11,11
10.0,2,14,11,11,11,11,11,11,11,11,11,11,11,11
10.0,2,15,2,2,2,2,2,2,2,2,2,2,2,2
10.0,2,21,40,40,40,40,40,40,40,40,40,40,40,40
10.0,2,22,11,11,11,11,11,11,11,11,11,11,11,11
10.0,2,23,2,2,2,2,2,2,2,2,2,2,2,2
10.0,2,32,58,58,58,58,58,58,58,58,58,58,58,58
10.0,2,33,39,39,39,39,39,39,39,39,39,39,39,39
10.0,2,34,13,13,13,13,13,13,13,13,13,13,13,13
10.0,2,35,74,74,74,74,74,74,74,74,74,74,74,74
10.0,2,36,2,2,2,2,2,2,2,2,2,2,2,2
10.0,2,37,62,62,62,62,62,62,62,62,62,62,62,62
10.0,2,41,10,10,10,10,10,10,10,10,10,10,10,10
10.0,2,42,3,3,3,3,3,3,3,3,3,3,3,3
10.0,2,43,4,4,4,4,4,4,4,4,4,4,4,4
10.0,2,44,6,6,6,6,6,6,6,6,6,6,6,6
10.0,2,45,4,4,4,4,4,4,4,4,4,4,4,4
10.0,2,46,6,6,6,6,6,6,6,6,6,6,6,6
10.0,2,50,3,3,3,3,3,3,3,3,3,3,3,3
10.0,2,52,7,7,7,7,7,7,7,7,7,7,7,7
10.0,2,61,3,3,3,3,3,3,3,3,3,3,3,3
10.0,2,62,2,2,2,2,2,2,2,2,2,2,2,2
10.0,2,64,4,4,4,4,4,4,4,4,4,4,4,4
10.0,2,65,2,2,2,2,2,2,2,2,2,2,2,2
10.0,2,71,1,1,1,1,1,1,1,1,1,1,1,1
10.0,2,81,4,4,4,4,4,4,4,4,4,4,4,4
10.0,2,82,2,2,2,2,2,2,2,2,2,2,2,2
10.0,2,400,12,12,12,12,12,12,12,12,12,12,12,12
10.0,3,11,8,8,8,8,8,8,8,8,8,8,8,8
10.0,3,12,16,16,16,16,16,16,16,16,16,16,16,16
10.0,3,13,8,8,8,8,8,8,8,8,8,8,8,8
10.0,3,14,5,5,5,5,5,5,5,5,5,5,5,5
10.0,3,15,9,9,9,9,9,9,9,9,9,9,9,9
10.0,3,21,9,9,9,9,9,9,9,9,9,9,9,9
10.0,3,22,4,4,4,4,4,4,4,4,4,4,4,4
10.0,3,23,1,1,1,1,1,1,1,1,1,1,1,1
10.0,3,31,2,2,2,2,2,2,2,2,2,2,2,2
10.0,3,32,21,21,21,21,21,21,21,21,21,21,21,21
10.0,3,33,37,37,37,37,37,37,37,37,37,37,37,37
10.0,3,34,5,5,5,5,5,5,5,5,5,5,5,5
10.0,3,35,5,5,5,5,5,5,5,5,5,5,5,5
10.0,3,36,1,1,1,1,1,1,1,1,1,1,1,1
10.0,3,37,13,13,13,13,13,13,13,13,13,13,13,13
10.0,3,41,18,18,18,18,18,18,18,18,18,18,18,18
10.0,3,42,7,7,7,7,7,7,7,7,7,7,7,7
10.0,3,43,4,4,4,4,4,4,4,4,4,4,4,4
10.0,3,44,208,208,208,208,208,208,208,208,208,208,208,208
10.0,3,45,13,13,13,13,13,13,13,13,13,13,13,13
10.0,3,50,7,7,7,7,7,7,7,7,7,7,7,7
10.0,3,51,5,5,5,5,5,5,5,5,5,5,5,5
10.0,3,52,16,16,16,16,16,16,16,16,16,16,16,16
10.0,3,53,5,5,5,5,5,5,5,5,5,5,5,5
10.0,3,61,7,7,7,7,7,7,7,7,7,7,7,7
10.0,3,64,1,1,1,1,1,1,1,1,1,1,1,1
10.0,3,82,1,1,1,1,1,1,1,1,1,1,1,1
10.0,3,400,1,1,1,1,1,1,1,1,1,1,1,1
10.0,4,11,13,13,13,13,13,13,13,13,13,13,13,13
10.0,4,12,4,4,4,4,4,4,4,4,4,4,4,4
10.0,4,13,11,11,11,11,11,11,11,11,11,11,11,11
10.0,4,14,9,9,9,9,9,9,9,9,9,9,9,9
10.0,4,15,3,3,3,3,3,3,3,3,3,3,3,3
10.0,4,21,5,5,5,5,5,5,5,5,5,5,5,5
10.0,4,31,19,19,19,19,19,19,19,19,19,19,19,19
10.0,4,32,15,15,15,15,15,15,15,15,15,15,15,15
10.0,4,33,17,17,17,17,17,17,17,17,17,17,17,17
10.0,4,34,5,5,5,5,5,5,5,5,5,5,5,5
10.0,4,35,5,5,5,5,5,5,5,5,5,5,5,5
10.0,4,36,2,2,2,2,2,2,2,2,2,2,2,2
10.0,4,37,15,15,15,15,15,15,15,15,15,15,15,15
10.0,4,41,6,6,6,6,6,6,6,6,6,6,6,6
10.0,4,43,12,12,12,12,12,12,12,12,12,12,12,12
10.0,4,44,9,9,9,9,9,9,9,9,9,9,9,9
10.0,4,45,1,1,1,1,1,1,1,1,1,1,1,1
10.0,4,50,2,2,2,2,2,2,2,2,2,2,2,2
10.0,4,51,19,19,19,19,19,19,19,19,19,19,19,19
10.0,4,52,1,1,1,1,1,1,1,1,1,1,1,1
10.0,4,53,4,4,4,4,4,4,4,4,4,4,4,4
10.0,4,61,14,14,14,14,14,14,14,14,14,14,14,14
10.0,4,81,3,3,3,3,3,3,3,3,3,3,3,3
10.0,4,82,1,1,1,1,1,1,1,1,1,1,1,1
10.0,4,400,8,8,8,8,8,8,8,8,8,8,8,8
10.0,5,11,110,110,110,110,110,110,110,110,110,110,110,110
10.0,5,12,3,3,3,3,3,3,3,3,3,3,3,3
10.0,5,13,7,7,7,7,7,7,7,7,7,7,7,7
10.0,5,14,2,2,2,2,2,2,2,2,2,2,2,2
10.0,5,15,4,4,4,4,4,4,4,4,4,4,4,4
10.0,5,21,4,4,4,4,4,4,4,4,4,4,4,4
10.0,5,22,1,1,1,1,1,1,1,1,1,1,1,1
10.0,5,31,13,13,13,13,13,13,13,13,13,13,13,13
10.0,5,32,60,60,60,60,60,60,60,60,60,60,60,60
10.0,5,33,6,6,6,6,6,6,6,6,6,6,6,6
10.0,5,34,4,4,4,4,4,4,4,4,4,4,4,4
10.0,5,35,25,25,25,25,25,25,25,25,25,25,25,25
10.0,5,36,4,4,4,4,4,4,4,4,4,4,4,4
10.0,5,37,14,14,14,14,14,14,14,14,14,14,14,14
10.0,5,41,13,13,13,13,13,13,13,13,13,13,13,13
10.0,5,42,8,8,8,8,8,8,8,8,8,8,8,8
10.0,5,43,2,2,2,2,2,2,2,2,2,2,2,2
10.0,5,44,19,19,19,19,19,19,19,19,19,19,19,19
10.0,5,45,9,9,9,9,9,9,9,9,9,9,9,9
10.0,5,50,7,7,7,7,7,7,7,7,7,7,7,7
10.0,5,61,3,3,3,3,3,3,3,3,3,3,3,3
10.0,5,62,2,2,2,2,2,2,2,2,2,2,2,2
10.0,5,400,14,14,14,14,14,14,14,14,14,14,14,14
10.0,6,11,22,22,22,22,22,22,22,22,22,22,22,22
10.0,6,12,2,2,2,2,2,2,2,2,2,2,2,2
10.0,6,13,31,31,31,31,31,31,31,31,31,31,31,31
10.0,6,15,3,3,3,3,3,3,3,3,3,3,3,3
10.0,6,22,2,2,2,2,2,2,2,2,2,2,2,2
10.0,6,23,9,9,9,9,9,9,9,9,9,9,9,9
10.0,6,31,2,2,2,2,2,2,2,2,2,2,2,2
10.0,6,32,22,22,22,22,22,22,22,22,22,22,22,22
10.0,6,33,18,18,18,18,18,18,18,18,18,18,18,18
10.0,6,34,7,7,7,7,7,7,7,7,7,7,7,7
10.0,6,35,4,4,4,4,4,4,4,4,4,4,4,4
10.0,6,36,2,2,2,2,2,2,2,2,2,2,2,2
10.0,6,37,22,22,22,22,22,22,22,22,22,22,22,22
10.0,6,41,3,3,3,3,3,3,3,3,3,3,3,3
10.0,6,42,2,2,2,2,2,2,2,2,2,2,2,2
10.0,6,43,6,6,6,6,6,6,6,6,6,6,6,6
10.0,6,44,53,53,53,53,53,53,53,53,53,53,53,53
10.0,6,45,2,2,2,2,2,2,2,2,2,2,2,2
10.0,6,50,27,27,27,27,27,27,27,27,27,27,27,27
10.0,6,51,12,12,12,12,12,12,12,12,12,12,12,12
10.0,6,53,2,2,2,2,2,2,2,2,2,2,2,2
10.0,6,62,1,1,1,1,1,1,1,1,1,1,1,1
10.0,6,400,3,3,3,3,3,3,3,3,3,3,3,3
10.0,7,11,4,4,4,4,4,4,4,4,4,4,4,4
10.0,7,12,7,7,7,7,7,7,7,7,7,7,7,7
10.0,7,13,17,17,17,17,17,17,17,17,17,17,17,17
10.0,7,14,2,2,2,2,2,2,2,2,2,2,2,2
10.0,7,15,5,5,5,5,5,5,5,5,5,5,5,5
10.0,7,21,6,6,6,6,6,6,6,6,6,6,6,6
10.0,7,23,1,1,1,1,1,1,1,1,1,1,1,1
10.0,7,31,13,13,13,13,13,13,13,13,13,13,13,13
10.0,7,32,12,12,12,12,12,12,12,12,12,12,12,12
10.0,7,33,20,20,20,20,20,20,20,20,20,20,20,20
10.0,7,34,1,1,1,1,1,1,1,1,1,1,1,1
10.0,7,35,4,4,4,4,4,4,4,4,4,4,4,4
10.0,7,36,7,7,7,7,7,7,7,7,7,7,7,7
10.0,7,37,21,21,21,21,21,21,21,21,21,21,21,21
10.0,7,41,13,13,13,13,13,13,13,13,13,13,13,13
10.0,7,42,4,4,4,4,4,4,4,4,4,4,4,4
10.0,7,43,4,4,4,4,4,4,4,4,4,4,4,4
10.0,7,44,14,14,14,14,14,14,14,14,14,14,14,14
10.0,7,45,2,2,2,2,2,2,2,2,2,2,2,2
10.0,7,50,4,4,4,4,4,4,4,4,4,4,4,4
10.0,7,51,9,9,9,9,9,9,9,9,9,9,9,9
10.0,7,61,6,6,6,6,6,6,6,6,6,6,6,6
10.0,7,62,1,1,1,1,1,1,1,1,1,1,1,1
10.0,7,400,12,12,12,12,12,12,12,12,12,12,12,12
10.0,8,11,85,85,85,85,85,85,85,85,85,85,85,85
10.0,8,12,1,1,1,1,1,1,1,1,1,1,1,1
10.0,8,14,6,6,6,6,6,6,6,6,6,6,6,6
10.0,8,21,5,5,5,5,5,5,5,5,5,5,5,5
10.0,8,23,4,4,4,4,4,4,4,4,4,4,4,4
10.0,8,31,2,2,2,2,2,2,2,2,2,2,2,2
10.0,8,32,12,12,12,12,12,12,12,12,12,12,12,12
10.0,8,33,18,18,18,18,18,18,18,18,18,18,18,18
10.0,8,34,10,10,10,10,10,10,10,10,10,10,10,10
10.0,8,35,4,4,4,4,4,4,4,4,4,4,4,4
10.0,8,36,8,8,8,8,8,8,8,8,8,8,8,8
10.0,8,37,21,21,21,21,21,21,21,21,21,21,21,21
10.0,8,41,3,3,3,3,3,3,3,3,3,3,3,3
10.0,8,42,3,3,3,3,3,3,3,3,3,3,3,3
10.0,8,44,5,5,5,5,5,5,5,5,5,5,5,5
10.0,8,45,1,1,1,1,1,1,1,1,1,1,1,1
10.0,8,50,16,16,16,16,16,16,16,16,16,16,16,16
10.0,8,51,4,4,4,4,4,4,4,4,4,4,4,4
10.0,8,61,3,3,3,3,3,3,3,3,3,3,3,3
10.0,8,62,1,1,1,1,1,1,1,1,1,1,1,1
10.0,8,400,1,1,1,1,1,1,1,1,1,1,1,1
10.0,9,11,1,1,1,1,1,1,1,1,1,1,1,1
10.0,9,12,1,1,1,1,1,1,1,1,1,1,1,1
10.0,9,13,13,13,13,13,13,13,13,13,13,13,13,13
10.0,9,14,2,2,2,2,2,2,2,2,2,2,2,2
10.0,9,31,10,10,10,10,10,10,10,10,10,10,10,10
10.0,9,32,10,10,10,10,10,10,10,10,10,10,10,10
10.0,9,33,6,6,6,6,6,6,6,6,6,6,6,6
10.0,9,35,8,8,8,8,8,8,8,8,8,8,8,8
10.0,9,36,5,5,5,5,5,5,5,5,5,5,5,5
10.0,9,37,8,8,8,8,8,8,8,8,8,8,8,8
10.0,9,41,10,10,10,10,10,10,10,10,10,10,10,10
10.0,9,42,6,6,6,6,6,6,6,6,6,6,6,6
10.0,9,43,2,2,2,2,2,2,2,2,2,2,2,2
10.0,9,44,8,8,8,8,8,8,8,8,8,8,8,8
10.0,9,45,8,8,8,8,8,8,8,8,8,8,8,8
10.0,9,50,2,2,2,2,2,2,2,2,2,2,2,2
10.0,9,51,1,1,1,1,1,1,1,1,1,1,1,1
10.0,9,61,9,9,9,9,9,9,9,9,9,9,9,9
10.0,9,62,2,2,2,2,2,2,2,2,2,2,2,2
10.0,9,400,7,7,7,7,7,7,7,7,7,7,7,7
10.0,10,12,1,1,1,1,1,1,1,1,1,1,1,1
10.0,10,13,7,7,7,7,7,7,7,7,7,7,7,7
10.0,10,14,5,5,5,5,5,5,5,5,5,5,5,5
10.0,10,21,3,3,3,3,3,3,3,3,3,3,3,3
10.0,10,23,2,2,2,2,2,2,2,2,2,2,2,2
10.0,10,31,16,16,16,16,16,16,16,16,16,16,16,16
10.0,10,32,10,10,10,10,10,10,10,10,10,10,10,10
10.0,10,33,19,19,19,19,19,19,19,19,19,19,19,19
10.0,10,34,6,6,6,6,6,6,6,6,6,6,6,6
10.0,10,36,1,1,1,1,1,1,1,1,1,1,1,1
10.0,10,37,13,13,13,13,13,13,13,13,13,13,13,13
10.0,10,41,7,7,7,7,7,7,7,7,7,7,7,7
10.0,10,42,5,5,5,5,5,5,5,5,5,5,5,5
10.0,10,43,4,4,4,4,4,4,4,4,4,4,4,4
10.0,10,45,1,1,1,1,1,1,1,1,1,1,1,1
10.0,10,51,10,10,10,10,10,10,10,10,10,10,10,10
10.0,10,61,2,2,2,2,2,2,2,2,2,2,2,2
10.0,10,62,1,1,1,1,1,1,1,1,1,1,1,1
10.0,10,71,2,2,2,2,2,2,2,2,2,2,2,2
10.0,11,11,8,8,8,8,8,8,8,8,8,8,8,8
10.0,11,12,1,1,1,1,1,1,1,1,1,1,1,1
10.0,11,13,3,3,3,3,3,3,3,3,3,3,3,3
10.0,11,21,1,1,1,1,1,1,1,1,1,1,1,1
10.0,11,23,1,1,1,1,1,1,1,1,1,1,1,1
10.0,11,32,16,16,16,16,16,16,16,16,16,16,16,16
10.0,11,33,8,8,8,8,8,8,8,8,8,8,8,8
10.0,11,34,16,16,16,16,16,16,16,16,16,16,16,16
10.0,11,36,1,1,1,1,1,1,1,1,1,1,1,1
10.0,11,37,5,5,5,5,5,5,5,5,5,5,5,5
10.0,11,41,3,3,3,3,3,3,3,3,3,3,3,3
10.0,11,42,6,6,6,6,6,6,6,6,6,6,6,6
10.0,11,43,3,3,3,3,3,3,3,3,3,3,3,3
10.0,11,45,2,2,2,2,2,2,2,2,2,2,2,2
10.0,11,51,3,3,3,3,3,3,3,3,3,3,3,3
10.0,11,400,2,2,2,2,2,2,2,2,2,2,2,2
10.0,12,11,8,8,8,8,8,8,8,8,8,8,8,8
10.0,12,12,6,6,6,6,6,6,6,6,6,6,6,6
10.0,12,23,1,1,1,1,1,1,1,1,1,1,1,1
10.0,12,31,24,24,24,24,24,24,24,24,24,24,24,24
10.0,12,32,6,6,6,6,6,6,6,6,6,6,6,6
10.0,12,34,6,6,6,6,6,6,6,6,6,6,6,6
10.0,12,37,3,3,3,3,3,3,3,3,3,3,3,3
10.0,12,41,5,5,5,5,5,5,5,5,5,5,5,5
10.0,12,42,5,5,5,5,5,5,5,5,5,5,5,5
10.0,12,43,3,3,3,3,3,3,3,3,3,3,3,3
10.0,12,44,8,8,8,8,8,8,8,8,8,8,8,8
10.0,12,50,22,22,22,22,22,22,22,22,22,22,22,22
10.0,12,400,1,1,1,1,1,1,1,1,1,1,1,1
10.0,13,11,4,4,4,4,4,4,4,4,4,4,4,4
10.0,13,12,7,7,7,7,7,7,7,7,7,7,7,7
10.0,13,21,1,1,1,1,1,1,1,1,1,1,1,1
10.0,13,31,9,9,9,9,9,9,9,9,9,9,9,9
10.0,13,32,6,6,6,6,6,6,6,6,6,6,6,6
10.0,13,34,5,5,5,5,5,5,5,5,5,5,5,5
10.0,13,37,15,15,15,15,15,15,15,15,15,15,15,15
10.0,13,41,13,13,13,13,13,13,13,13,13,13,13,13
10.0,13,42,1,1,1,1,1,1,1,1,1,1,1,1
10.0,13,43,3,3,3,3,3,3,3,3,3,3,3,3
10.0,13,44,25,25,25,25,25,25,25,25,25,25,25,25
10.0,13,50,3,3,3,3,3,3,3,3,3,3,3,3
10.0,13,51,7,7,7,7,7,7,7,7,7,7,7,7
10.0,13,81,1,1,1,1,1,1,1,1,1,1,1,1
10.0,14,11,3,3,3,3,3,3,3,3,3,3,3,3
10.0,14,12,3,3,3,3,3,3,3,3,3,3,3,3
10.0,14,31,4,4,4,4,4,4,4,4,4,4,4,4
10.0,14,37,2,2,2,2,2,2,2,2,2,2,2,2
10.0,14,41,7,7,7,7,7,7,7,7,7,7,7,7
10.0,14,44,18,18,18,18,18,18,18,18,18,18,18,18
10.0,14,45,1,1,1,1,1,1,1,1,1,1,1,1
10.0,14,51,3,3,3,3,3,3,3,3,3,3,3,3
10.0,14,400,5,5,5,5,5,5,5,5,5,5,5,5
10.0,15,11,8,8,8,8,8,8,8,8,8,8,8,8
10.0,15,31,46,46,46,46,46,46,46,46,46,46,46,46
10.0,15,34,6,6,6,6,6,6,6,6,6,6,6,6
10.0,15,37,2,2,2,2,2,2,2,2,2,2,2,2
10.0,15,41,8,8,8,8,8,8,8,8,8,8,8,8
10.0,15,44,4,4,4,4,4,4,4,4,4,4,4,4
10.0,15,50,2,2,2,2,2,2,2,2,2,2,2,2
10.0,15,51,5,5,5,5,5,5,5,5,5,5,5,5
10.0,15,400,19,19,19,19,19,19,19,19,19,19,19,19
10.0,16,31,1,1,1,1,1,1,1,1,1,1,1,1
10.0,16,34,1,1,1,1,1,1,1,1,1,1,1,1
10.0,16,37,7,7,7,7,7,7,7,7,7,7,7,7
10.0,16,41,3,3,3,3,3,3,3,3,3,3,3,3
10.0,16,44,2,2,2,2,2,2,2,2,2,2,2,2
10.0,16,51,5,5,5,5,5,5,5,5,5,5,5,5
10.0,16,400,56,56,56,56,56,56,56,56,56,56,56,56
10.0,17,11,1,1,1,1,1,1,1,1,1,1,1,1
10.0,17,31,7,7,7,7,7,7,7,7,7,7,7,7
10.0,17,34,1,1,1,1,1,1,1,1,1,1,1,1
10.0,17,37,7,7,7,7,7,7,7,7,7,7,7,7
10.0,17,41,6,6,6,6,6,6,6,6,6,6,6,6
10.0,17,44,5,5,5,5,5,5,5,5,5,5,5,5
10.0,17,51,4,4,4,4,4,4,4,4,4,4,4,4
10.0,17,400,3,3,3,3,3,3,3,3,3,3,3,3
10.0,18,31,5,5,5,5,5,5,5,5,5,5,5,5
10.0,18,34,7,7,7,7,7,7,7,7,7,7,7,7
10.0,18,44,3,3,3,3,3,3,3,3,3,3,3,3
10.0,18,51,1,1,1,1,1,1,1,1,1,1,1,1
10.0,18,400,4,4,4,4,4,4,4,4,4,4,4,4
10.0,19,31,3,3,3,3,3,3,3,3,3,3,3,3
10.0,19,44,48,48,48,48,48,48,48,48,48,48,48,48
10.0,19,400,2,2,2,2,2,2,2,2,2,2,2,2
10.0,20,31,1,1,1,1,1,1,1,1,1,1,1,1
10.0,20,44,14,14,14,14,14,14,14,14,14,14,14,14
10.0,20,51,2,2,2,2,2,2,2,2,2,2,2,2
10.0,20,400,1,1,1,1,1,1,1,1,1,1,1,1
10.0,21,45,2,2,2,2,2,2,2,2,2,2,2,2
10.0,21,400,2,2,2,2,2,2,2,2,2,2,2,2
10.0,22,45,12,12,12,12,12,12,12,12,12,12,12,12
10.0,22,50,1,1,1,1,1,1,1,1,1,1,1,1
10.0,22,52,1,1,1,1,1,1,1,1,1,1,1,1
10.0,22,400,1,1,1,1,1,1,1,1,1,1,1,1
10.0,23,12,1,1,1,1,1,1,1,1,1,1,1,1
10.0,23,14,9,9,9,9,9,9,9,9,9,9,9,9
10.0,23,50,2,2,2,2,2,2,2,2,2,2,2,2
10.0,23,53,1,1,1,1,1,1,1,1,1,1,1,1
10.0,23,400,1,1,1,1,1,1,1,1,1,1,1,1
10.0,24,22,7,7,7,7,7,7,7,7,7,7,7,7
10.0,24,50,1,1,1,1,1,1,1,1,1,1,1,1
10.0,24,52,1,1,1,1,1,1,1,1,1,1,1,1
10.0,24,54,1,1,1,1,1,1,1,1,1,1,1,1
10.0,24,62,3,3,3,3,3,3,3,3,3,3,3,3
10.0,25,12,1,1,1,1,1,1,1,1,1,1,1,1
10.0,25,15,1,1,1,1,1,1,1,1,1,1,1,1
10.0,25,53,3,3,3,3,3,3,3,3,3,3,3,3
10.0,26,52,3,3,3,3,3,3,3,3,3,3,3,3
10.0,26,53,1,1,1,1,1,1,1,1,1,1,1,1
10.0,26,54,1,1,1,1,1,1,1,1,1,1,1,1
10.0,26,400,2,2,2,2,2,2,2,2,2,2,2,2
10.0,27,50,1,1,1,1,1,1,1,1,1,1,1,1
10.0,27,52,3,3,3,3,3,3,3,3,3,3,3,3
10.0,27,65,1,1,1,1,1,1,1,1,1,1,1,1
10.0,27,400,1,1,1,1,1,1,1,1,1,1,1,1
10.0,28,15,1,1,1,1,1,1,1,1,1,1,1,1
10.0,28,42,3,3,3,3,3,3,3,3,3,3,3,3
10.0,28,50,1,1,1,1,1,1,1,1,1,1,1,1
10.0,28,53,4,4,4,4,4,4,4,4,4,4,4,4
10.0,28,65,1,1,1,1,1,1,1,1,1,1,1,1
10.0,28,400,1,1,1,1,1,1,1,1,1,1,1,1
10.0,29,11,1,1,1,1,1,1,1,1,1,1,1,1
10.0,29,42,1,1,1,1,1,1,1,1,1,1,1,1
10.0,29,62,2,2,2,2,2,2,2,2,2,2,2,2
10.0,29,400,1,1,1,1,1,1,1,1,1,1,1,1
10.0,30,31,1,1,1,1,1,1,1,1,1,1,1,1
10.0,30,62,1,1,1,1,1,1,1,1,1,1,1,1
10.0,31,43,2,2,2,2,2,2,2,2,2,2,2,2
10.0,31,53,2,2,2,2,2,2,2,2,2,2,2,2
10.0,32,50,1,1,1,1,1,1,1,1,1,1,1,1
10.0,32,53,3,3,3,3,3,3,3,3,3,3,3,3
10.0,33,50,1,1,1,1,1,1,1,1,1,1,1,1
10.0,34,51,2,2,2,2,2,2,2,2,2,2,2,2
10.0,35,50,1,1,1,1,1,1,1,1,1,1,1,1
10.0,37,50,1,1,1,1,1,1,1,1,1,1,1,1
10.0,37,400,1,1,1,1,1,1,1,1,1,1,1,1
10.0,40,65,2,2,2,2,2,2,2,2,2,2,2,2
10.0,42,65,1,1,1,1,1,1,1,1,1,1,1,1
10.0,42,400,2,2,2,2,2,2,2,2,2,2,2,2
10.0,43,65,1,1,1,1,1,1,1,1,1,1,1,1
10.0,44,65,1,1,1,1,1,1,1,1,1,1,1,1
10.0,45,400,2,2,2,2,2,2,2,2,2,2,2,2
10.0,51,44,4,4,4,4,4,4,4,4,4,4,4,4
10.0,52,44,18,18,18,18,18,18,18,18,18,18,18,18
10.0,53,44,13,13,13,13,13,13,13,13,13,13,13,13
10.0,81,50,2,2,2,2,2,2,2,2,2,2,2,2
10.0,82,50,1,1,1,1,1,1,1,1,1,1,1,1
10.0,83,50,2,2,2,2,2,2,2,2,2,2,2,2
10.0,90,46,1,1,1,1,1,1,1,1,1,1,1,1
10.0,1000,11,148,148,148,148,148,148,148,148,148,148,148,148
10.0,1000,12,28,28,28,28,28,28,28,28,28,28,28,28
10.0,1000,13,24,24,24,24,24,24,24,24,24,24,24,24
10.0,1000,14,16,16,16,16,16,16,16,16,16,16,16,16
10.0,1000,15,8,8,8,8,8,8,8,8,8,8,8,8
10.0,1000,21,40,40,40,40,40,40,40,40,40,40,40,40
10.0,1000,22,15,15,15,15,15,15,15,15,15,15,15,15
10.0,1000,23,12,12,12,12,12,12,12,12,12,12,12,12
10.0,1000,31,80,80,80,80,80,80,80,80,80,80,80,80
10.0,1000,32,75,75,75,75,75,75,75,75,75,75,75,75
10.0,1000,33,49,49,49,49,49,49,49,49,49,49,49,49
10.0,1000,34,34,34,34,34,34,34,34,34,34,34,34,34
10.0,1000,35,34,34,34,34,34,34,34,34,34,34,34,34
10.0,1000,36,13,13,13,13,13,13,13,13,13,13,13,13
10.0,1000,37,91,91,91,91,91,91,91,91,91,91,91,91
10.0,1000,41,230,230,230,230,230,230,230,230,230,230,230,230
10.0,1000,42,21,21,21,21,21,21,21,21,21,21,21,21
10.0,1000,43,15,15,15,15,15,15,15,15,15,15,15,15
10.0,1000,44,119,119,119,119,119,119,119,119,119,119,119,119
10.0,1000,45,15,15,15,15,15,15,15,15,15,15,15,15
10.0,1000,46,2,2,2,2,2,2,2,2,2,2,2,2
10.0,1000,50,28,28,28,28,28,28,28,28,28,28,28,28
10.0,1000,51,47,47,47,47,47,47,47,47,47,47,47,47
10.0,1000,52,7,7,7,7,7,7,7,7,7,7,7,7
10.0,1000,53,16,16,16,16,16,16,16,16,16,16,16,16
10.0,1000,61,37,37,37,37,37,37,37,37,37,37,37,37
10.0,1000,62,3,3,3,3,3,3,3,3,3,3,3,3
10.0,1000,63,4,4,4,4,4,4,4,4,4,4,4,4
10.0,1000,64,3,3,3,3,3,3,3,3,3,3,3,3
10.0,1000,65,5,5,5,5,5,5,5,5,5,5,5,5
10.0,1000,71,2,2,2,2,2,2,2,2,2,2,2,2
10.0,1000,81,10,10,10,10,10,10,10,10,10,10,10,10
10.0,1000,82,3,3,3,3,3,3,3,3,3,3,3,3
10.0,1000,100,681,681,681,681,681,681,681,681,681,681,681,681
10.0,1000,400,109,109,109,109,109,109,109,109,109,109,109,109
10.0,,,20,20,20,20,20,20,20,20,20,20,20,20
11.0,1,11,4,4,4,4,4,4,4,4,4,4,4,4
11.0,1,13,2,2,2,2,2,2,2,2,2,2,2,2
11.0,1,15,3,3,3,3,3,3,3,3,3,3,3,3
11.0,1,21,2,2,2,2,2,2,2,2,2,2,2,2
11.0,1,22,1,1,1,1,1,1,1,1,1,1,1,1
11.0,1,23,2,2,2,2,2,2,2,2,2,2,2,2
11.0,1,31,2,2,2,2,2,2,2,2,2,2,2,2
11.0,1,32,3,3,3,3,3,3,3,3,3,3,3,3
11.0,1,33,2,2,2,2,2,2,2,2,2,2,2,2
11.0,1,34,7,7,7,7,7,7,7,7,7,7,7,7
11.0,1,35,1,1,1,1,1,1,1,1,1,1,1,1
11.0,1,36,2,2,2,2,2,2,2,2,2,2,2,2
11.0,1,37,6,6,6,6,6,6,6,6,6,6,6,6
11.0,1,41,5,5,5,5,5,5,5,5,5,5,5,5
11.0,1,42,5,5,5,5,5,5,5,5,5,5,5,5
11.0,1,43,1,1,1,1,1,1,1,1,1,1,1,1
11.0,1,44,6,6,6,6,6,6,6,6,6,6,6,6
11.0,1,51,6,6,6,6,6,6,6,6,6,6,6,6
11.0,1,52,1,1,1,1,1,1,1,1,1,1,1,1
11.0,1,53,2,2,2,2,2,2,2,2,2,2,2,2
11.0,1,54,2,2,2,2,2,2,2,2,2,2,2,2
11.0,1,61,5,5,5,5,5,5,5,5,5,5,5,5
11.0,1,62,1,1,1,1,1,1,1,1,1,1,1,1
11.0,1,400,2,2,2,2,2,2,2,2,2,2,2,2
11.0,2,11,5,5,5,5,5,5,5,5,5,5,5,5
11.0,2,15,1,1,1,1,1,1,1,1,1,1,1,1
11.0,2,32,1,1,1,1,1,1,1,1,1,1,1,1
11.0,2,34,1,1,1,1,1,1,1,1,1,1,1,1
11.0,2,35,3,3,3,3,3,3,3,3,3,3,3,3
11.0,2,37,5,5,5,5,5,5,5,5,5,5,5,5
11.0,2,45,1,1,1,1,1,1,1,1,1,1,1,1
11.0,2,50,1,1,1,1,1,1,1,1,1,1,1,1
11.0,2,81,1,1,1,1,1,1,1,1,1,1,1,1
11.0,2,400,2,2,2,2,2,2,2,2,2,2,2,2
11.0,3,35,1,1,1,1,1,1,1,1,1,1,1,1
11.0,3,37,1,1,1,1,1,1,1,1,1,1,1,1
11.0,3,41,1,1,1,1,1,1,1,1,1,1,1,1
11.0,3,42,1,1,1,1,1,1,1,1,1,1,1,1
11.0,3,44,6,6,6,6,6,6,6,6,6,6,6,6
11.0,3,45,4,4,4,4,4,4,4,4,4,4,4,4
11.0,3,51,2,2,2,2,2,2,2,2,2,2,2,2
11.0,3,400,2,2,2,2,2,2,2,2,2,2,2,2
11.0,4,13,1,1,1,1,1,1,1,1,1,1,1,1
11.0,4,31,1,1,1,1,1,1,1,1,1,1,1,1
11.0,4,32,1,1,1,1,1,1,1,1,1,1,1,1
11.0,4,36,1,1,1,1,1,1,1,1,1,1,1,1
11.0,5,11,3,3,3,3,3,3,3,3,3,3,3,3
11.0,5,12,2,2,2,2,2,2,2,2,2,2,2,2
11.0,5,14,1,1,1,1,1,1,1,1,1,1,1,1
11.0,5,15,1,1,1,1,1,1,1,1,1,1,1,1
11.0,5,32,3,3,3,3,3,3,3,3,3,3,3,3
11.0,5,35,2,2,2,2,2,2,2,2,2,2,2,2
11.0,5,400,1,1,1,1,1,1,1,1,1,1,1,1
11.0,6,11,3,3,3,3,3,3,3,3,3,3,3,3
11.0,6,13,2,2,2,2,2,2,2,2,2,2,2,2
11.0,6,37,2,2,2,2,2,2,2,2,2,2,2,2
11.0,6,43,1,1,1,1,1,1,1,1,1,1,1,1
11.0,6,50,7,7,7,7,7,7,7,7,7,7,7,7
11.0,6,62,1,1,1,1,1,1,1,1,1,1,1,1
11.0,7,33,1,1,1,1,1,1,1,1,1,1,1,1
11.0,7,36,8,8,8,8,8,8,8,8,8,8,8,8
11.0,7,37,2,2,2,2,2,2,2,2,2,2,2,2
11.0,7,41,2,2,2,2,2,2,2,2,2,2,2,2
11.0,7,42,1,1,1,1,1,1,1,1,1,1,1,1
11.0,7,44,1,1,1,1,1,1,1,1,1,1,1,1
11.0,7,50,2,2,2,2,2,2,2,2,2,2,2,2
11.0,7,400,4,4,4,4,4,4,4,4,4,4,4,4
11.0,8,11,8,8,8,8,8,8,8,8,8,8,8,8
11.0,8,13,1,1,1,1,1,1,1,1,1,1,1,1
11.0,8,14,1,1,1,1,1,1,1,1,1,1,1,1
11.0,8,32,1,1,1,1,1,1,1,1,1,1,1,1
11.0,8,35,2,2,2,2,2,2,2,2,2,2,2,2
11.0,8,37,1,1,1,1,1,1,1,1,1,1,1,1
11.0,8,41,1,1,1,1,1,1,1,1,1,1,1,1
11.0,8,50,3,3,3,3,3,3,3,3,3,3,3,3
11.0,8,61,2,2,2,2,2,2,2,2,2,2,2,2
11.0,9,32,1,1,1,1,1,1,1,1,1,1,1,1
11.0,9,36,2,2,2,2,2,2,2,2,2,2,2,2
11.0,9,61,1,1,1,1,1,1,1,1,1,1,1,1
11.0,10,14,1,1,1,1,1,1,1,1,1,1,1,1
11.0,10,37,1,1,1,1,1,1,1,1,1,1,1,1
11.0,11,36,1,1,1,1,1,1,1,1,1,1,1,1
11.0,11,42,1,1,1,1,1,1,1,1,1,1,1,1
11.0,12,31,1,1,1,1,1,1,1,1,1,1,1,1
11.0,12,34,2,2,2,2,2,2,2,2,2,2,2,2
11.0,12,44,1,1,1,1,1,1,1,1,1,1,1,1
11.0,12,50,2,2,2,2,2,2,2,2,2,2,2,2
11.0,13,34,1,1,1,1,1,1,1,1,1,1,1,1
11.0,13,37,1,1,1,1,1,1,1,1,1,1,1,1
11.0,13,41,1,1,1,1,1,1,1,1,1,1,1,1
11.0,13,44,2,2,2,2,2,2,2,2,2,2,2,2
11.0,14,51,1,1,1,1,1,1,1,1,1,1,1,1
11.0,15,31,1,1,1,1,1,1,1,1,1,1,1,1
11.0,15,41,1,1,1,1,1,1,1,1,1,1,1,1
11.0,15,51,1,1,1,1,1,1,1,1,1,1,1,1
11.0,15,400,3,3,3,3,3,3,3,3,3,3,3,3
11.0,16,400,3,3,3,3,3,3,3,3,3,3,3,3
11.0,17,31,1,1,1,1,1,1,1,1,1,1,1,1
11.0,17,37,2,2,2,2,2,2,2,2,2,2,2,2
11.0,17,41,1,1,1,1,1,1,1,1,1,1,1,1
11.0,18,34,1,1,1,1,1,1,1,1,1,1,1,1
11.0,18,44,2,2,2,2,2,2,2,2,2,2,2,2
11.0,19,44,1,1,1,1,1,1,1,1,1,1,1,1
11.0,19,400,1,1,1,1,1,1,1,1,1,1,1,1
11.0,24,22,1,1,1,1,1,1,1,1,1,1,1,1
11.0,24,52,1,1,1,1,1,1,1,1,1,1,1,1
11.0,25,15,1,1,1,1,1,1,1,1,1,1,1,1
11.0,27,53,1,1,1,1,1,1,1,1,1,1,1,1
11.0,28,400,1,1,1,1,1,1,1,1,1,1,1,1
11.0,30,31,1,1,1,1,1,1,1,1,1,1,1,1
11.0,30,42,1,1,1,1,1,1,1,1,1,1,1,1
11.0,40,65,1,1,1,1,1,1,1,1,1,1,1,1
11.0,1000,11,16,16,16,16,16,16,16,16,16,16,16,16
11.0,1000,12,5,5,5,5,5,5,5,5,5,5,5,5
11.0,1000,14,2,2,2,2,2,2,2,2,2,2,2,2
11.0,1000,15,1,1,1,1,1,1,1,1,1,1,1,1
11.0,1000,22,1,1,1,1,1,1,1,1,1,1,1,1
11.0,1000,31,4,4,4,4,4,4,4,4,4,4,4,4
11.0,1000,32,1,1,1,1,1,1,1,1,1,1,1,1
11.0,1000,33,4,4,4,4,4,4,4,4,4,4,4,4
11.0,1000,34,2,2,2,2,2,2,2,2,2,2,2,2
11.0,1000,35,3,3,3,3,3,3,3,3,3,3,3,3
11.0,1000,36,3,3,3,3,3,3,3,3,3,3,3,3
11.0,1000,37,4,4,4,4,4,4,4,4,4,4,4,4
11.0,1000,41,5,5,5,5,5,5,5,5,5,5,5,5
11.0,1000,42,4,4,4,4,4,4,4,4,4,4,4,4
11.0,1000,43,1,1,1,1,1,1,1,1,1,1,1,1
11.0,1000,44,5,5,5,5,5,5,5,5,5,5,5,5
11.0,1000,45,2,2,2,2,2,2,2,2,2,2,2,2
11.0,1000,50,3,3,3,3,3,3,3,3,3,3,3,3
11.0,1000,51,6,6,6,6,6,6,6,6,6,6,6,6
11.0,1000,52,1,1,1,1,1,1,1,1,1,1,1,1
11.0,1000,53,1,1,1,1,1,1,1,1,1,1,1,1
11.0,1000,65,1,1,1,1,1,1,1,1,1,1,1,1
11.0,1000,100,44,44,44,44,44,44,44,44,44,44,44,44
11.0,1000,400,12,12,12,12,12,12,12,12,12,12,12,12
11.0,,,1,1,1,1,1,1,1,1,1,1,1,1
12.0,1,11,18,18,18,18,18,18,18,18,18,18,18,18
12.0,1,12,4,4,4,4,4,4,4,4,4,4,4,4
12.0,1,13,5,5,5,5,5,5,5,5,5,5,5,5
12.0,1,14,5,5,5,5,5,5,5,5,5,5,5,5
12.0,1,15,5,5,5,5,5,5,5,5,5,5,5,5
12.0,1,21,9,9,9,9,9,9,9,9,9,9,9,9
12.0,1,22,5,5,5,5,5,5,5,5,5,5,5,5
12.0,1,23,4,4,4,4,4,4,4,4,4,4,4,4
12.0,1,31,2,2,2,2,2,2,2,2,2,2,2,2
12.0,1,32,11,11,11,11,11,11,11,11,11,11,11,11
12.0,1,33,8,8,8,8,8,8,8,8,8,8,8,8
12.0,1,34,10,10,10,10,10,10,10,10,10,10,10,10
12.0,1,35,6,6,6,6,6,6,6,6,6,6,6,6
12.0,1,36,6,6,6,6,6,6,6,6,6,6,6,6
12.0,1,37,23,23,23,23,23,23,23,23,23,23,23,23
12.0,1,41,9,9,9,9,9,9,9,9,9,9,9,9
12.0,1,42,17,17,17,17,17,17,17,17,17,17,17,17
12.0,1,43,9,9,9,9,9,9,9,9,9,9,9,9
12.0,1,44,19,19,19,19,19,19,19,19,19,19,19,19
12.0,1,45,6,6,6,6,6,6,6,6,6,6,6,6
12.0,1,50,2,2,2,2,2,2,2,2,2,2,2,2
12.0,1,51,15,15,15,15,15,15,15,15,15,15,15,15
12.0,1,52,7,7,7,7,7,7,7,7,7,7,7,7
12.0,1,53,8,8,8,8,8,8,8,8,8,8,8,8
12.0,1,61,7,7,7,7,7,7,7,7,7,7,7,7
12.0,1,62,9,9,9,9,9,9,9,9,9,9,9,9
12.0,1,65,1,1,1,1,1,1,1,1,1,1,1,1
12.0,1,400,7,7,7,7,7,7,7,7,7,7,7,7
12.0,2,11,6,6,6,6,6,6,6,6,6,6,6,6
12.0,2,12,1,1,1,1,1,1,1,1,1,1,1,1
12.0,2,13,1,1,1,1,1,1,1,1,1,1,1,1
12.0,2,21,3,3,3,3,3,3,3,3,3,3,3,3
12.0,2,22,2,2,2,2,2,2,2,2,2,2,2,2
12.0,2,23,1,1,1,1,1,1,1,1,1,1,1,1
12.0,2,32,2,2,2,2,2,2,2,2,2,2,2,2
12.0,2,33,4,4,4,4,4,4,4,4,4,4,4,4
12.0,2,35,4,4,4,4,4,4,4,4,4,4,4,4
12.0,2,37,7,7,7,7,7,7,7,7,7,7,7,7
12.0,2,41,2,2,2,2,2,2,2,2,2,2,2,2
12.0,2,42,3,3,3,3,3,3,3,3,3,3,3,3
12.0,2,46,2,2,2,2,2,2,2,2,2,2,2,2
12.0,2,81,3,3,3,3,3,3,3,3,3,3,3,3
12.0,2,400,2,2,2,2,2,2,2,2,2,2,2,2
12.0,3,12,2,2,2,2,2,2,2,2,2,2,2,2
12.0,3,13,1,1,1,1,1,1,1,1,1,1,1,1
12.0,3,21,2,2,2,2,2,2,2,2,2,2,2,2
12.0,3,22,3,3,3,3,3,3,3,3,3,3,3,3
12.0,3,31,1,1,1,1,1,1,1,1,1,1,1,1
12.0,3,32,1,1,1,1,1,1,1,1,1,1,1,1
12.0,3,37,2,2,2,2,2,2,2,2,2,2,2,2
12.0,3,41,3,3,3,3,3,3,3,3,3,3,3,3
12.0,3,42,4,4,4,4,4,4,4,4,4,4,4,4
12.0,3,44,11,11,11,11,11,11,11,11,11,11,11,11
12.0,3,45,2,2,2,2,2,2,2,2,2,2,2,2
12.0,3,50,2,2,2,2,2,2,2,2,2,2,2,2
12.0,3,52,1,1,1,1,1,1,1,1,1,1,1,1
12.0,3,53,1,1,1,1,1,1,1,1,1,1,1,1
12.0,3,61,1,1,1,1,1,1,1,1,1,1,1,1
12.0,4,12,2,2,2,2,2,2,2,2,2,2,2,2
12.0,4,14,1,1,1,1,1,1,1,1,1,1,1,1
12.0,4,21,2,2,2,2,2,2,2,2,2,2,2,2
12.0,4,31,1,1,1,1,1,1,1,1,1,1,1,1
12.0,4,32,1,1,1,1,1,1,1,1,1,1,1,1
12.0,4,33,2,2,2,2,2,2,2,2,2,2,2,2
12.0,4,34,4,4,4,4,4,4,4,4,4,4,4,4
12.0,4,35,1,1,1,1,1,1,1,1,1,1,1,1
12.0,4,36,1,1,1,1,1,1,1,1,1,1,1,1
12.0,4,41,1,1,1,1,1,1,1,1,1,1,1,1
12.0,4,44,1,1,1,1,1,1,1,1,1,1,1,1
12.0,4,400,1,1,1,1,1,1,1,1,1,1,1,1
12.0,5,11,9,9,9,9,9,9,9,9,9,9,9,9
12.0,5,13,3,3,3,3,3,3,3,3,3,3,3,3
12.0,5,14,1,1,1,1,1,1,1,1,1,1,1,1
12.0,5,23,2,2,2,2,2,2,2,2,2,2,2,2
12.0,5,31,1,1,1,1,1,1,1,1,1,1,1,1
12.0,5,32,6,6,6,6,6,6,6,6,6,6,6,6
12.0,5,34,2,2,2,2,2,2,2,2,2,2,2,2
12.0,5,35,5,5,5,5,5,5,5,5,5,5,5,5
12.0,5,45,2,2,2,2,2,2,2,2,2,2,2,2
12.0,5,51,1,1,1,1,1,1,1,1,1,1,1,1
12.0,5,61,1,1,1,1,1,1,1,1,1,1,1,1
12.0,5,400,2,2,2,2,2,2,2,2,2,2,2,2
12.0,6,11,3,3,3,3,3,3,3,3,3,3,3,3
12.0,6,13,3,3,3,3,3,3,3,3,3,3,3,3
12.0,6,15,1,1,1,1,1,1,1,1,1,1,1,1
12.0,6,21,1,1,1,1,1,1,1,1,1,1,1,1
12.0,6,23,1,1,1,1,1,1,1,1,1,1,1,1
12.0,6,31,2,2,2,2,2,2,2,2,2,2,2,2
12.0,6,32,1,1,1,1,1,1,1,1,1,1,1,1
12.0,6,37,2,2,2,2,2,2,2,2,2,2,2,2
12.0,6,42,2,2,2,2,2,2,2,2,2,2,2,2
12.0,6,43,2,2,2,2,2,2,2,2,2,2,2,2
12.0,6,44,3,3,3,3,3,3,3,3,3,3,3,3
12.0,6,50,1,1,1,1,1,1,1,1,1,1,1,1
12.0,6,62,1,1,1,1,1,1,1,1,1,1,1,1
12.0,7,13,1,1,1,1,1,1,1,1,1,1,1,1
12.0,7,14,1,1,1,1,1,1,1,1,1,1,1,1
12.0,7,15,2,2,2,2,2,2,2,2,2,2,2,2
12.0,7,33,2,2,2,2,2,2,2,2,2,2,2,2
12.0,7,35,2,2,2,2,2,2,2,2,2,2,2,2
12.0,7,37,4,4,4,4,4,4,4,4,4,4,4,4
12.0,7,42,1,1,1,1,1,1,1,1,1,1,1,1
12.0,7,43,2,2,2,2,2,2,2,2,2,2,2,2
12.0,7,44,1,1,1,1,1,1,1,1,1,1,1,1
12.0,7,45,1,1,1,1,1,1,1,1,1,1,1,1
12.0,7,50,1,1,1,1,1,1,1,1,1,1,1,1
12.0,7,400,5,5,5,5,5,5,5,5,5,5,5,5
12.0,8,11,19,19,19,19,19,19,19,19,19,19,19,19
12.0,8,13,1,1,1,1,1,1,1,1,1,1,1,1
12.0,8,14,1,1,1,1,1,1,1,1,1,1,1,1
12.0,8,31,1,1,1,1,1,1,1,1,1,1,1,1
12.0,8,32,1,1,1,1,1,1,1,1,1,1,1,1
12.0,8,33,1,1,1,1,1,1,1,1,1,1,1,1
12.0,8,34,2,2,2,2,2,2,2,2,2,2,2,2
12.0,8,35,1,1,1,1,1,1,1,1,1,1,1,1
12.0,8,36,2,2,2,2,2,2,2,2,2,2,2,2
12.0,8,37,3,3,3,3,3,3,3,3,3,3,3,3
12.0,8,41,1,1,1,1,1,1,1,1,1,1,1,1
12.0,8,44,1,1,1,1,1,1,1,1,1,1,1,1
12.0,8,45,2,2,2,2,2,2,2,2,2,2,2,2
12.0,8,61,1,1,1,1,1,1,1,1,1,1,1,1
12.0,8,400,1,1,1,1,1,1,1,1,1,1,1,1
12.0,9,13,1,1,1,1,1,1,1,1,1,1,1,1
12.0,9,23,2,2,2,2,2,2,2,2,2,2,2,2
12.0,9,31,2,2,2,2,2,2,2,2,2,2,2,2
12.0,9,32,3,3,3,3,3,3,3,3,3,3,3,3
12.0,9,35,3,3,3,3,3,3,3,3,3,3,3,3
12.0,9,37,1,1,1,1,1,1,1,1,1,1,1,1
12.0,9,42,1,1,1,1,1,1,1,1,1,1,1,1
12.0,9,43,1,1,1,1,1,1,1,1,1,1,1,1
12.0,9,44,1,1,1,1,1,1,1,1,1,1,1,1
12.0,9,45,2,2,2,2,2,2,2,2,2,2,2,2
12.0,9,61,1,1,1,1,1,1,1,1,1,1,1,1
12.0,9,400,1,1,1,1,1,1,1,1,1,1,1,1
12.0,10,13,1,1,1,1,1,1,1,1,1,1,1,1
12.0,10,14,3,3,3,3,3,3,3,3,3,3,3,3
12.0,10,21,1,1,1,1,1,1,1,1,1,1,1,1
12.0,10,31,2,2,2,2,2,2,2,2,2,2,2,2
12.0,10,32,3,3,3,3,3,3,3,3,3,3,3,3
12.0,10,33,1,1,1,1,1,1,1,1,1,1,1,1
12.0,10,34,1,1,1,1,1,1,1,1,1,1,1,1
12.0,10,37,1,1,1,1,1,1,1,1,1,1,1,1
12.0,10,62,1,1,1,1,1,1,1,1,1,1,1,1
12.0,10,400,1,1,1,1,1,1,1,1,1,1,1,1
12.0,11,13,2,2,2,2,2,2,2,2,2,2,2,2
12.0,11,33,2,2,2,2,2,2,2,2,2,2,2,2
12.0,11,36,1,1,1,1,1,1,1,1,1,1,1,1
12.0,11,37,1,1,1,1,1,1,1,1,1,1,1,1
12.0,11,43,1,1,1,1,1,1,1,1,1,1,1,1
12.0,11,51,1,1,1,1,1,1,1,1,1,1,1,1
12.0,11,400,1,1,1,1,1,1,1,1,1,1,1,1
12.0,12,11,3,3,3,3,3,3,3,3,3,3,3,3
12.0,12,12,1,1,1,1,1,1,1,1,1,1,1,1
12.0,12,31,2,2,2,2,2,2,2,2,2,2,2,2
12.0,12,34,3,3,3,3,3,3,3,3,3,3,3,3
12.0,12,37,2,2,2,2,2,2,2,2,2,2,2,2
12.0,12,41,1,1,1,1,1,1,1,1,1,1,1,1
12.0,12,50,1,1,1,1,1,1,1,1,1,1,1,1
12.0,13,31,1,1,1,1,1,1,1,1,1,1,1,1
12.0,13,32,1,1,1,1,1,1,1,1,1,1,1,1
12.0,13,34,5,5,5,5,5,5,5,5,5,5,5,5
12.0,13,37,3,3,3,3,3,3,3,3,3,3,3,3
12.0,13,44,1,1,1,1,1,1,1,1,1,1,1,1
12.0,13,50,1,1,1,1,1,1,1,1,1,1,1,1
12.0,13,51,4,4,4,4,4,4,4,4,4,4,4,4
12.0,14,12,1,1,1,1,1,1,1,1,1,1,1,1
12.0,14,37,1,1,1,1,1,1,1,1,1,1,1,1
12.0,14,41,1,1,1,1,1,1,1,1,1,1,1,1
12.0,14,44,1,1,1,1,1,1,1,1,1,1,1,1
12.0,14,400,1,1,1,1,1,1,1,1,1,1,1,1
12.0,15,31,7,7,7,7,7,7,7,7,7,7,7,7
12.0,15,34,2,2,2,2,2,2,2,2,2,2,2,2
12.0,15,41,1,1,1,1,1,1,1,1,1,1,1,1
12.0,15,44,1,1,1,1,1,1,1,1,1,1,1,1
12.0,15,51,1,1,1,1,1,1,1,1,1,1,1,1
12.0,15,400,1,1,1,1,1,1,1,1,1,1,1,1
12.0,16,41,1,1,1,1,1,1,1,1,1,1,1,1
12.0,16,51,1,1,1,1,1,1,1,1,1,1,1,1
12.0,16,400,12,12,12,12,12,12,12,12,12,12,12,12
12.0,17,31,1,1,1,1,1,1,1,1,1,1,1,1
12.0,17,34,3,3,3,3,3,3,3,3,3,3,3,3
12.0,17,37,1,1,1,1,1,1,1,1,1,1,1,1
12.0,17,44,1,1,1,1,1,1,1,1,1,1,1,1
12.0,18,34,1,1,1,1,1,1,1,1,1,1,1,1
12.0,18,51,8,8,8,8,8,8,8,8,8,8,8,8
12.0,18,400,1,1,1,1,1,1,1,1,1,1,1,1
12.0,19,44,8,8,8,8,8,8,8,8,8,8,8,8
12.0,20,44,1,1,1,1,1,1,1,1,1,1,1,1
12.0,21,45,1,1,1,1,1,1,1,1,1,1,1,1
12.0,22,65,1,1,1,1,1,1,1,1,1,1,1,1
12.0,23,14,2,2,2,2,2,2,2,2,2,2,2,2
12.0,24,22,1,1,1,1,1,1,1,1,1,1,1,1
12.0,24,52,1,1,1,1,1,1,1,1,1,1,1,1
12.0,24,62,2,2,2,2,2,2,2,2,2,2,2,2
12.0,25,15,1,1,1,1,1,1,1,1,1,1,1,1
12.0,25,53,2,2,2,2,2,2,2,2,2,2,2,2
12.0,25,54,1,1,1,1,1,1,1,1,1,1,1,1
12.0,26,12,2,2,2,2,2,2,2,2,2,2,2,2
12.0,26,52,1,1,1,1,1,1,1,1,1,1,1,1
12.0,28,42,2,2,2,2,2,2,2,2,2,2,2,2
12.0,29,53,1,1,1,1,1,1,1,1,1,1,1,1
12.0,29,65,1,1,1,1,1,1,1,1,1,1,1,1
12.0,31,42,1,1,1,1,1,1,1,1,1,1,1,1
12.0,43,65,1,1,1,1,1,1,1,1,1,1,1,1
12.0,51,44,1,1,1,1,1,1,1,1,1,1,1,1
12.0,52,44,1,1,1,1,1,1,1,1,1,1,1,1
12.0,1000,11,34,34,34,34,34,34,34,34,34,34,34,34
12.0,1000,12,5,5,5,5,5,5,5,5,5,5,5,5
12.0,1000,13,3,3,3,3,3,3,3,3,3,3,3,3
12.0,1000,14,3,3,3,3,3,3,3,3,3,3,3,3
12.0,1000,15,4,4,4,4,4,4,4,4,4,4,4,4
12.0,1000,21,15,15,15,15,15,15,15,15,15,15,15,15
12.0,1000,23,2,2,2,2,2,2,2,2,2,2,2,2
12.0,1000,31,13,13,13,13,13,13,13,13,13,13,13,13
12.0,1000,32,9,9,9,9,9,9,9,9,9,9,9,9
12.0,1000,33,10,10,10,10,10,10,10,10,10,10,10,10
12.0,1000,34,11,11,11,11,11,11,11,11,11,11,11,11
12.0,1000,35,5,5,5,5,5,5,5,5,5,5,5,5
12.0,1000,36,2,2,2,2,2,2,2,2,2,2,2,2
12.0,1000,37,10,10,10,10,10,10,10,10,10,10,10,10
12.0,1000,41,7,7,7,7,7,7,7,7,7,7,7,7
12.0,1000,42,6,6,6,6,6,6,6,6,6,6,6,6
12.0,1000,43,4,4,4,4,4,4,4,4,4,4,4,4
12.0,1000,44,12,12,12,12,12,12,12,12,12,12,12,12
12.0,1000,45,2,2,2,2,2,2,2,2,2,2,2,2
12.0,1000,46,1,1,1,1,1,1,1,1,1,1,1,1
12.0,1000,50,6,6,6,6,6,6,6,6,6,6,6,6
12.0,1000,51,13,13,13,13,13,13,13,13,13,13,13,13
12.0,1000,52,1,1,1,1,1,1,1,1,1,1,1,1
12.0,1000,53,4,4,4,4,4,4,4,4,4,4,4,4
12.0,1000,54,1,1,1,1,1,1,1,1,1,1,1,1
12.0,1000,61,7,7,7,7,7,7,7,7,7,7,7,7
12.0,1000,62,3,3,3,3,3,3,3,3,3,3,3,3
12.0,1000,82,1,1,1,1,1,1,1,1,1,1,1,1
12.0,1000,100,129,129,129,129,129,129,129,129,129,129,129,129
12.0,1000,400,7,7,7,7,7,7,7,7,7,7,7,7
12.0,,,2,2,2,2,2,2,2,2,2,2,2,2
