u_city,u_province,,u_city,u_province,result,comment_location
1,11,7,1,11,10.0,242
1,11,6,1,11,9.0,142
1,11,5,1,11,8.0,28
1,11,9,1,11,12.0,18
1,11,0,1,11,0.0,13
1,11,4,1,11,6.0,13
1,11,2,1,11,4.0,11
1,11,3,1,11,5.0,7
1,11,8,1,11,11.0,4
1,11,1,1,11,1.0,3
1,12,15,1,12,9.0,22
1,12,16,1,12,10.0,10
1,12,17,1,12,12.0,4
1,12,10,1,12,0.0,3
1,12,11,1,12,1.0,2
1,12,12,1,12,4.0,2
1,12,14,1,12,8.0,2
1,12,13,1,12,6.0,1
1,13,24,1,13,10.0,56
1,13,23,1,13,9.0,38
1,13,22,1,13,8.0,8
1,13,20,1,13,4.0,6
1,13,26,1,13,12.0,5
1,13,18,1,13,0.0,3
1,13,21,1,13,6.0,2
1,13,25,1,13,11.0,2
1,13,19,1,13,1.0,1
1,14,34,1,14,10.0,34
1,14,27,1,14,0.0,5
1,14,32,1,14,8.0,5
1,14,33,1,14,9.0,5
1,14,35,1,14,12.0,5
1,14,28,1,14,1.0,1
1,14,29,1,14,4.0,1
1,14,30,1,14,5.0,1
1,14,31,1,14,7.0,1
1,15,40,1,15,10.0,21
1,15,38,1,15,8.0,5
1,15,42,1,15,12.0,5
1,15,39,1,15,9.0,4
1,15,41,1,15,11.0,3
1,15,36,1,15,0.0,1
1,15,37,1,15,6.0,1
1,21,49,1,21,9.0,62
1,21,50,1,21,10.0,41
1,21,43,1,21,0.0,10
1,21,52,1,21,12.0,9
1,21,48,1,21,8.0,8
1,21,45,1,21,4.0,4
1,21,51,1,21,11.0,2
1,21,44,1,21,1.0,1
1,21,46,1,21,5.0,1
1,21,47,1,21,6.0,1
1,22,57,1,22,10.0,43
1,22,56,1,22,9.0,22
1,22,53,1,22,0.0,5
1,22,54,1,22,4.0,5
1,22,55,1,22,8.0,5
1,22,59,1,22,12.0,5
1,22,58,1,22,11.0,1
1,23,65,1,23,10.0,30
1,23,64,1,23,9.0,15
1,23,63,1,23,8.0,9
1,23,60,1,23,0.0,5
1,23,67,1,23,12.0,4
1,23,62,1,23,6.0,2
1,23,66,1,23,11.0,2
1,23,61,1,23,4.0,1
1,31,75,1,31,9.0,45
1,31,76,1,31,10.0,39
1,31,74,1,31,8.0,11
1,31,70,1,31,4.0,9
1,31,68,1,31,0.0,8
1,31,72,1,31,6.0,5
1,31,69,1,31,1.0,2
1,31,73,1,31,7.0,2
1,31,77,1,31,11.0,2
1,31,78,1,31,12.0,2
1,31,71,1,31,5.0,1
1,32,87,1,32,10.0,95
1,32,86,1,32,9.0,46
1,32,85,1,32,8.0,20
1,32,81,1,32,4.0,18
1,32,79,1,32,0.0,13
1,32,89,1,32,12.0,11
1,32,80,1,32,1.0,5
1,32,88,1,32,11.0,3
1,32,82,1,32,5.0,2
1,32,83,1,32,6.0,2
1,32,84,1,32,7.0,2
1,33,96,1,33,10.0,138
1,33,95,1,33,9.0,66
1,33,94,1,33,8.0,22
1,33,92,1,33,4.0,17
1,33,90,1,33,0.0,11
1,33,93,1,33,6.0,9
1,33,98,1,33,12.0,8
1,33,91,1,33,1.0,5
1,33,97,1,33,11.0,2
1,34,104,1,34,10.0,64
1,34,103,1,34,9.0,25
1,34,106,1,34,12.0,10
1,34,102,1,34,8.0,8
1,34,105,1,34,11.0,7
1,34,99,1,34,0.0,2
1,34,100,1,34,4.0,2
1,34,101,1,34,6.0,1
1,35,113,1,35,9.0,83
1,35,114,1,35,10.0,59
1,35,112,1,35,8.0,11
1,35,109,1,35,4.0,6
1,35,116,1,35,12.0,6
1,35,110,1,35,5.0,5
1,35,107,1,35,0.0,4
1,35,111,1,35,6.0,4
1,35,108,1,35,1.0,2
1,35,115,1,35,11.0,1
1,36,122,1,36,10.0,23
1,36,124,1,36,12.0,6
1,36,121,1,36,9.0,5
1,36,120,1,36,8.0,3
1,36,119,1,36,6.0,2
1,36,123,1,36,11.0,2
1,36,117,1,36,0.0,1
1,36,118,1,36,4.0,1
1,37,131,1,37,10.0,59
1,37,133,1,37,12.0,23
1,37,130,1,37,9.0,20
1,37,129,1,37,8.0,14
1,37,127,1,37,4.0,7
1,37,132,1,37,11.0,6
1,37,125,1,37,0.0,3
1,37,128,1,37,6.0,2
1,37,126,1,37,1.0,1
1,41,141,1,41,10.0,124
1,41,140,1,41,9.0,34
1,41,139,1,41,8.0,15
1,41,143,1,41,12.0,9
1,41,135,1,41,1.0,6
1,41,142,1,41,11.0,5
1,41,136,1,41,4.0,4
1,41,134,1,41,0.0,2
1,41,137,1,41,6.0,1
1,41,138,1,41,7.0,1
1,42,152,1,42,10.0,101
1,42,151,1,42,9.0,43
1,42,150,1,42,8.0,17
1,42,154,1,42,12.0,17
1,42,144,1,42,0.0,9
1,42,146,1,42,4.0,6
1,42,153,1,42,11.0,5
1,42,145,1,42,1.0,3
1,42,148,1,42,6.0,3
1,42,147,1,42,5.0,2
1,42,149,1,42,7.0,1
1,43,161,1,43,10.0,44
1,43,160,1,43,9.0,35
1,43,163,1,43,12.0,9
1,43,157,1,43,4.0,6
1,43,155,1,43,0.0,5
1,43,159,1,43,8.0,5
1,43,158,1,43,6.0,4
1,43,156,1,43,1.0,3
1,43,162,1,43,11.0,1
1,44,171,1,44,10.0,230
1,44,170,1,44,9.0,169
1,44,169,1,44,8.0,42
1,44,164,1,44,0.0,23
1,44,166,1,44,4.0,22
1,44,173,1,44,12.0,19
1,44,167,1,44,6.0,10
1,44,165,1,44,1.0,7
1,44,172,1,44,11.0,6
1,44,168,1,44,7.0,1
1,45,179,1,45,10.0,35
1,45,178,1,45,9.0,14
1,45,180,1,45,12.0,6
1,45,175,1,45,4.0,2
1,45,176,1,45,6.0,2
1,45,177,1,45,8.0,2
1,45,174,1,45,0.0,1
1,46,183,1,46,9.0,30
1,46,184,1,46,10.0,14
1,46,181,1,46,4.0,9
1,46,182,1,46,8.0,3
1,50,187,1,50,10.0,7
1,50,185,1,50,4.0,2
1,50,186,1,50,9.0,2
1,50,188,1,50,12.0,2
1,51,197,1,51,10.0,144
1,51,196,1,51,9.0,120
1,51,195,1,51,8.0,31
1,51,191,1,51,4.0,23
1,51,189,1,51,0.0,16
1,51,199,1,51,12.0,15
1,51,193,1,51,6.0,9
1,51,190,1,51,1.0,6
1,51,198,1,51,11.0,6
1,51,192,1,51,5.0,3
1,51,194,1,51,7.0,1
1,52,206,1,52,10.0,19
1,52,208,1,52,12.0,7
1,52,205,1,52,9.0,5
1,52,204,1,52,8.0,3
1,52,200,1,52,0.0,2
1,52,201,1,52,1.0,1
1,52,202,1,52,4.0,1
1,52,203,1,52,6.0,1
1,52,207,1,52,11.0,1
1,53,213,1,53,9.0,64
1,53,214,1,53,10.0,54
1,53,216,1,53,12.0,8
1,53,211,1,53,4.0,4
1,53,212,1,53,8.0,4
1,53,209,1,53,0.0,2
1,53,215,1,53,11.0,2
1,53,210,1,53,1.0,1
1,54,218,1,54,9.0,8
1,54,217,1,54,0.0,2
1,54,220,1,54,11.0,2
1,54,219,1,54,10.0,1
1,61,227,1,61,10.0,85
1,61,226,1,61,9.0,31
1,61,225,1,61,8.0,14
1,61,229,1,61,12.0,7
1,61,228,1,61,11.0,5
1,61,221,1,61,0.0,4
1,61,224,1,61,6.0,4
1,61,223,1,61,4.0,3
1,61,222,1,61,1.0,2
1,62,235,1,62,10.0,22
1,62,237,1,62,12.0,9
1,62,234,1,62,9.0,4
1,62,230,1,62,1.0,1
1,62,231,1,62,5.0,1
1,62,232,1,62,6.0,1
1,62,233,1,62,8.0,1
1,62,236,1,62,11.0,1
1,63,240,1,63,10.0,9
1,63,238,1,63,4.0,3
1,63,239,1,63,9.0,1
1,64,244,1,64,10.0,16
1,64,243,1,64,9.0,12
1,64,241,1,64,6.0,2
1,64,242,1,64,8.0,2
1,65,248,1,65,10.0,19
1,65,245,1,65,0.0,1
1,65,246,1,65,8.0,1
1,65,247,1,65,9.0,1
1,65,249,1,65,12.0,1
1,71,251,1,71,9.0,4
1,71,252,1,71,10.0,4
1,71,250,1,71,8.0,1
1,81,259,1,81,10.0,10
1,81,258,1,81,9.0,5
1,81,253,1,81,0.0,2
1,81,256,1,81,6.0,2
1,81,254,1,81,1.0,1
1,81,255,1,81,5.0,1
1,81,257,1,81,8.0,1
1,82,261,1,82,10.0,12
1,82,260,1,82,8.0,1
1,400,268,1,400,9.0,61
1,400,267,1,400,8.0,29
1,400,269,1,400,10.0,26
1,400,262,1,400,0.0,10
1,400,264,1,400,4.0,10
1,400,266,1,400,6.0,10
1,400,271,1,400,12.0,7
1,400,265,1,400,5.0,5
1,400,270,1,400,11.0,2
1,400,263,1,400,1.0,1
2,11,277,2,11,9.0,58
2,11,278,2,11,10.0,23
2,11,276,2,11,8.0,13
2,11,272,2,11,0.0,9
2,11,280,2,11,12.0,6
2,11,279,2,11,11.0,5
2,11,274,2,11,4.0,3
2,11,273,2,11,1.0,2
2,11,275,2,11,6.0,1
2,12,285,2,12,10.0,6
2,12,281,2,12,4.0,2
2,12,283,2,12,6.0,2
2,12,282,2,12,5.0,1
2,12,284,2,12,8.0,1
2,12,286,2,12,12.0,1
2,13,289,2,13,10.0,11
2,13,288,2,13,9.0,10
2,13,287,2,13,8.0,2
2,13,290,2,13,12.0,1
2,14,292,2,14,10.0,11
2,14,291,2,14,9.0,8
2,15,293,2,15,9.0,4
2,15,294,2,15,10.0,2
2,15,295,2,15,11.0,1
2,21,303,2,21,10.0,40
2,21,302,2,21,9.0,21
2,21,296,2,21,0.0,8
2,21,298,2,21,4.0,6
2,21,301,2,21,8.0,6
2,21,300,2,21,6.0,3
2,21,304,2,21,12.0,3
2,21,297,2,21,1.0,1
2,21,299,2,21,5.0,1
2,22,308,2,22,10.0,11
2,22,307,2,22,9.0,10
2,22,306,2,22,8.0,3
2,22,305,2,22,4.0,2
2,22,309,2,22,12.0,2
2,23,310,2,23,9.0,8
2,23,311,2,23,10.0,2
2,23,312,2,23,12.0,1
2,32,319,2,32,10.0,58
2,32,318,2,32,9.0,21
2,32,315,2,32,4.0,6
2,32,317,2,32,8.0,4
2,32,321,2,32,12.0,2
2,32,313,2,32,0.0,1
2,32,314,2,32,1.0,1
2,32,316,2,32,6.0,1
2,32,320,2,32,11.0,1
2,33,330,2,33,10.0,39
2,33,329,2,33,9.0,25
2,33,322,2,33,0.0,8
2,33,328,2,33,8.0,8
2,33,324,2,33,4.0,6
2,33,331,2,33,12.0,4
2,33,323,2,33,1.0,1
2,33,325,2,33,5.0,1
2,33,326,2,33,6.0,1
2,33,327,2,33,7.0,1
2,34,337,2,34,10.0,13
2,34,332,2,34,0.0,3
2,34,333,2,34,1.0,2
2,34,334,2,34,4.0,2
2,34,336,2,34,9.0,2
2,34,335,2,34,8.0,1
2,34,338,2,34,11.0,1
2,35,347,2,35,10.0,74
2,35,346,2,35,9.0,56
2,35,345,2,35,8.0,6
2,35,344,2,35,7.0,5
2,35,349,2,35,12.0,4
2,35,348,2,35,11.0,3
2,35,339,2,35,0.0,2
2,35,343,2,35,6.0,2
2,35,340,2,35,1.0,1
2,35,341,2,35,4.0,1
2,35,342,2,35,5.0,1
2,36,351,2,36,10.0,2
2,36,350,2,36,9.0,1
2,37,358,2,37,10.0,62
2,37,356,2,37,8.0,16
2,37,357,2,37,9.0,14
2,37,354,2,37,4.0,7
2,37,360,2,37,12.0,7
2,37,359,2,37,11.0,5
2,37,355,2,37,6.0,4
2,37,353,2,37,1.0,3
2,37,352,2,37,0.0,2
2,41,365,2,41,10.0,10
2,41,361,2,41,0.0,5
2,41,362,2,41,4.0,3
2,41,366,2,41,12.0,2
2,41,363,2,41,8.0,1
2,41,364,2,41,9.0,1
2,42,368,2,42,10.0,3
2,42,369,2,42,12.0,3
2,42,367,2,42,8.0,1
2,43,371,2,43,9.0,5
2,43,372,2,43,10.0,4
2,43,370,2,43,8.0,1
2,44,375,2,44,10.0,6
2,44,373,2,44,8.0,1
2,44,374,2,44,9.0,1
2,45,377,2,45,10.0,4
2,45,376,2,45,8.0,1
2,45,378,2,45,11.0,1
2,46,382,2,46,9.0,17
2,46,383,2,46,10.0,6
2,46,381,2,46,8.0,3
2,46,380,2,46,4.0,2
2,46,384,2,46,12.0,2
2,46,379,2,46,0.0,1
2,50,385,2,50,10.0,3
2,50,386,2,50,11.0,1
2,52,387,2,52,10.0,7
2,61,388,2,61,10.0,3
2,62,389,2,62,10.0,2
2,64,390,2,64,9.0,16
2,64,391,2,64,10.0,4
2,65,394,2,65,10.0,2
2,65,392,2,65,0.0,1
2,65,393,2,65,9.0,1
2,71,395,2,71,10.0,1
2,81,398,2,81,6.0,34
2,81,399,2,81,8.0,6
2,81,400,2,81,9.0,5
2,81,397,2,81,5.0,4
2,81,401,2,81,10.0,4
2,81,403,2,81,12.0,3
2,81,396,2,81,0.0,1
2,81,402,2,81,11.0,1
2,82,404,2,82,9.0,2
2,82,405,2,82,10.0,2
2,400,411,2,400,9.0,42
2,400,412,2,400,10.0,12
2,400,409,2,400,6.0,4
2,400,410,2,400,8.0,4
2,400,406,2,400,0.0,2
2,400,413,2,400,11.0,2
2,400,414,2,400,12.0,2
2,400,407,2,400,4.0,1
2,400,408,2,400,5.0,1
3,11,416,3,11,10.0,8
3,11,415,3,11,9.0,4
3,12,418,3,12,10.0,16
3,12,417,3,12,9.0,8
3,12,419,3,12,12.0,2
3,13,421,3,13,9.0,68
3,13,422,3,13,10.0,8
3,13,420,3,13,8.0,3
3,13,423,3,13,12.0,1
3,14,425,3,14,10.0,5
3,14,424,3,14,9.0,1
3,15,426,3,15,10.0,9
3,21,431,3,21,10.0,9
3,21,427,3,21,0.0,6
3,21,430,3,21,9.0,3
3,21,432,3,21,12.0,2
3,21,428,3,21,5.0,1
3,21,429,3,21,6.0,1
3,22,434,3,22,9.0,20
3,22,435,3,22,10.0,4
3,22,436,3,22,12.0,3
3,22,433,3,22,8.0,1
3,23,437,3,23,8.0,2
3,23,438,3,23,9.0,1
3,23,439,3,23,10.0,1
3,31,444,3,31,9.0,4
3,31,441,3,31,4.0,3
3,31,440,3,31,0.0,2
3,31,445,3,31,10.0,2
3,31,442,3,31,5.0,1
3,31,443,3,31,6.0,1
3,31,446,3,31,12.0,1
3,32,451,3,32,10.0,21
3,32,450,3,32,9.0,14
3,32,449,3,32,8.0,6
3,32,447,3,32,0.0,2
3,32,448,3,32,4.0,2
3,32,452,3,32,12.0,1
3,33,459,3,33,10.0,37
3,33,458,3,33,9.0,35
3,33,453,3,33,0.0,7
3,33,457,3,33,8.0,3
3,33,454,3,33,1.0,2
3,33,455,3,33,4.0,1
3,33,456,3,33,6.0,1
3,34,461,3,34,10.0,5
3,34,460,3,34,9.0,1
3,35,463,3,35,9.0,15
3,35,464,3,35,10.0,5
3,35,462,3,35,8.0,1
3,35,465,3,35,11.0,1
3,36,466,3,36,9.0,1
3,36,467,3,36,10.0,1
3,37,472,3,37,10.0,13
3,37,471,3,37,9.0,4
3,37,470,3,37,8.0,3
3,37,468,3,37,0.0,2
3,37,474,3,37,12.0,2
3,37,469,3,37,4.0,1
3,37,473,3,37,11.0,1
3,41,480,3,41,10.0,18
3,41,479,3,41,9.0,5
3,41,478,3,41,8.0,4
3,41,482,3,41,12.0,3
3,41,475,3,41,0.0,1
3,41,476,3,41,4.0,1
3,41,477,3,41,6.0,1
3,41,481,3,41,11.0,1
3,42,484,3,42,9.0,17
3,42,485,3,42,10.0,7
3,42,487,3,42,12.0,4
3,42,483,3,42,8.0,3
3,42,486,3,42,11.0,1
3,43,489,3,43,10.0,4
3,43,488,3,43,9.0,3
3,44,496,3,44,9.0,218
3,44,497,3,44,10.0,208
3,44,495,3,44,8.0,39
3,44,490,3,44,0.0,29
3,44,493,3,44,6.0,18
3,44,492,3,44,4.0,16
3,44,499,3,44,12.0,11
3,44,491,3,44,1.0,6
3,44,498,3,44,11.0,6
3,44,494,3,44,7.0,2
3,45,503,3,45,10.0,13
3,45,502,3,45,9.0,5
3,45,504,3,45,11.0,4
3,45,500,3,45,4.0,2
3,45,505,3,45,12.0,2
3,45,501,3,45,8.0,1
3,50,511,3,50,10.0,7
3,50,509,3,50,8.0,2
3,50,512,3,50,12.0,2
3,50,506,3,50,0.0,1
3,50,507,3,50,4.0,1
3,50,508,3,50,5.0,1
3,50,510,3,50,9.0,1
3,51,513,3,51,10.0,5
3,51,514,3,51,11.0,2
3,52,517,3,52,10.0,16
3,52,516,3,52,9.0,3
3,52,515,3,52,8.0,1
3,52,518,3,52,12.0,1
3,53,520,3,53,10.0,5
3,53,519,3,53,9.0,2
3,53,521,3,53,12.0,1
3,61,523,3,61,10.0,7
3,61,522,3,61,8.0,2
3,61,524,3,61,12.0,1
3,64,525,3,64,0.0,1
3,64,526,3,64,10.0,1
3,82,527,3,82,0.0,1
3,82,528,3,82,10.0,1
3,400,530,3,400,9.0,18
3,400,532,3,400,11.0,2
3,400,529,3,400,4.0,1
3,400,531,3,400,10.0,1
4,11,534,4,11,9.0,38
4,11,535,4,11,10.0,13
4,11,533,4,11,8.0,1
4,12,539,4,12,10.0,4
4,12,537,4,12,4.0,2
4,12,538,4,12,8.0,2
4,12,540,4,12,12.0,2
4,12,536,4,12,0.0,1
4,13,546,4,13,10.0,11
4,13,545,4,13,9.0,3
4,13,541,4,13,0.0,2
4,13,542,4,13,4.0,1
4,13,543,4,13,5.0,1
4,13,544,4,13,8.0,1
4,13,547,4,13,11.0,1
4,14,551,4,14,10.0,9
4,14,548,4,14,4.0,2
4,14,549,4,14,8.0,1
4,14,550,4,14,9.0,1
4,14,552,4,14,12.0,1
4,15,554,4,15,10.0,3
4,15,553,4,15,9.0,2
4,21,558,4,21,10.0,5
4,21,557,4,21,9.0,4
4,21,556,4,21,8.0,2
4,21,559,4,21,12.0,2
4,21,555,4,21,4.0,1
4,22,560,4,22,9.0,2
4,23,561,4,23,9.0,2
4,31,567,4,31,10.0,19
4,31,566,4,31,9.0,17
4,31,563,4,31,4.0,6
4,31,565,4,31,8.0,6
4,31,562,4,31,0.0,4
4,31,564,4,31,6.0,3
4,31,568,4,31,11.0,1
4,31,569,4,31,12.0,1
4,32,574,4,32,9.0,18
4,32,575,4,32,10.0,15
4,32,571,4,32,4.0,6
4,32,572,4,32,6.0,5
4,32,570,4,32,0.0,4
4,32,573,4,32,8.0,1
4,32,576,4,32,11.0,1
4,32,577,4,32,12.0,1
4,33,583,4,33,10.0,17
4,33,582,4,33,9.0,5
4,33,578,4,33,0.0,2
4,33,579,4,33,4.0,2
4,33,584,4,33,12.0,2
4,33,580,4,33,6.0,1
4,33,581,4,33,8.0,1
4,34,588,4,34,10.0,5
4,34,589,4,34,12.0,4
4,34,587,4,34,9.0,3
4,34,585,4,34,4.0,1
4,34,586,4,34,8.0,1
4,35,590,4,35,10.0,5
4,35,591,4,35,12.0,1
4,36,593,4,36,9.0,25
4,36,594,4,36,10.0,2
4,36,592,4,36,8.0,1
4,36,595,4,36,11.0,1
4,36,596,4,36,12.0,1
4,37,599,4,37,10.0,15
4,37,598,4,37,9.0,4
4,37,597,4,37,8.0,1
4,41,604,4,41,10.0,6
4,41,600,4,41,1.0,1
4,41,601,4,41,4.0,1
4,41,602,4,41,8.0,1
4,41,603,4,41,9.0,1
4,41,605,4,41,12.0,1
4,43,608,4,43,10.0,12
4,43,607,4,43,9.0,4
4,43,606,4,43,6.0,1
4,44,613,4,44,10.0,9
4,44,611,4,44,8.0,8
4,44,612,4,44,9.0,7
4,44,609,4,44,0.0,5
4,44,610,4,44,4.0,1
4,44,614,4,44,12.0,1
4,45,615,4,45,4.0,5
4,45,616,4,45,8.0,2
4,45,617,4,45,10.0,1
4,50,620,4,50,10.0,2
4,50,618,4,50,0.0,1
4,50,619,4,50,6.0,1
4,51,621,4,51,10.0,19
4,52,622,4,52,10.0,1
4,53,623,4,53,9.0,4
4,53,624,4,53,10.0,4
4,61,628,4,61,10.0,14
4,61,627,4,61,9.0,5
4,61,625,4,61,4.0,3
4,61,626,4,61,8.0,3
4,81,629,4,81,9.0,4
4,81,630,4,81,10.0,3
4,82,631,4,82,10.0,1
4,400,633,4,400,10.0,8
4,400,632,4,400,9.0,1
4,400,634,4,400,12.0,1
5,11,642,5,11,9.0,249
5,11,643,5,11,10.0,110
5,11,641,5,11,8.0,20
5,11,635,5,11,0.0,19
5,11,637,5,11,4.0,19
5,11,639,5,11,6.0,16
5,11,645,5,11,12.0,9
5,11,638,5,11,5.0,4
5,11,636,5,11,1.0,3
5,11,644,5,11,11.0,3
5,11,640,5,11,7.0,2
5,12,647,5,12,9.0,3
5,12,648,5,12,10.0,3
5,12,649,5,12,11.0,2
5,12,646,5,12,0.0,1
5,13,650,5,13,10.0,7
5,13,651,5,13,12.0,3
5,14,653,5,14,8.0,2
5,14,654,5,14,9.0,2
5,14,655,5,14,10.0,2
5,14,652,5,14,6.0,1
5,14,656,5,14,11.0,1
5,14,657,5,14,12.0,1
5,15,659,5,15,10.0,4
5,15,658,5,15,9.0,2
5,15,660,5,15,11.0,1
5,21,663,5,21,10.0,4
5,21,661,5,21,5.0,1
5,21,662,5,21,8.0,1
5,22,664,5,22,9.0,1
5,22,665,5,22,10.0,1
5,23,667,5,23,12.0,2
5,23,666,5,23,4.0,1
5,31,673,5,31,9.0,74
5,31,674,5,31,10.0,13
5,31,672,5,31,8.0,4
5,31,669,5,31,4.0,2
5,31,670,5,31,5.0,2
5,31,668,5,31,0.0,1
5,31,671,5,31,6.0,1
5,31,675,5,31,12.0,1
5,32,683,5,32,9.0,72
5,32,684,5,32,10.0,60
5,32,682,5,32,8.0,28
5,32,676,5,32,0.0,9
5,32,678,5,32,4.0,6
5,32,686,5,32,12.0,6
5,32,680,5,32,6.0,3
5,32,685,5,32,11.0,3
5,32,677,5,32,1.0,1
5,32,679,5,32,5.0,1
5,32,681,5,32,7.0,1
5,33,690,5,33,10.0,6
5,33,687,5,33,4.0,2
5,33,688,5,33,8.0,1
5,33,689,5,33,9.0,1
5,34,691,5,34,10.0,4
5,34,692,5,34,12.0,2
5,35,698,5,35,10.0,25
5,35,696,5,35,8.0,5
5,35,697,5,35,9.0,5
5,35,700,5,35,12.0,5
5,35,694,5,35,4.0,3
5,35,699,5,35,11.0,2
5,35,693,5,35,0.0,1
5,35,695,5,35,6.0,1
5,36,702,5,36,10.0,4
5,36,701,5,36,9.0,1
5,37,707,5,37,10.0,14
5,37,704,5,37,4.0,2
5,37,705,5,37,8.0,2
5,37,706,5,37,9.0,2
5,37,703,5,37,1.0,1
5,41,709,5,41,10.0,13
5,41,708,5,41,9.0,1
5,42,712,5,42,10.0,8
5,42,711,5,42,9.0,2
5,42,710,5,42,8.0,1
5,43,713,5,43,10.0,2
5,44,717,5,44,10.0,19
5,44,715,5,44,8.0,2
5,44,716,5,44,9.0,2
5,44,714,5,44,4.0,1
5,45,719,5,45,10.0,9
5,45,718,5,45,9.0,3
5,45,720,5,45,12.0,2
5,50,722,5,50,9.0,7
5,50,723,5,50,10.0,7
5,50,721,5,50,8.0,1
5,51,724,5,51,9.0,1
5,51,725,5,51,12.0,1
5,53,726,5,53,9.0,1
5,61,728,5,61,9.0,5
5,61,729,5,61,10.0,3
5,61,727,5,61,1.0,1
5,61,730,5,61,12.0,1
5,62,731,5,62,9.0,3
5,62,732,5,62,10.0,2
5,64,733,5,64,8.0,1
5,400,737,5,400,10.0,14
5,400,736,5,400,9.0,10
5,400,735,5,400,8.0,4
5,400,739,5,400,12.0,2
5,400,734,5,400,7.0,1
5,400,738,5,400,11.0,1
6,11,744,6,11,9.0,29
6,11,745,6,11,10.0,22
6,11,746,6,11,11.0,3
6,11,747,6,11,12.0,3
6,11,740,6,11,0.0,2
6,11,743,6,11,8.0,2
6,11,741,6,11,1.0,1
6,11,742,6,11,4.0,1
6,12,749,6,12,9.0,16
6,12,750,6,12,10.0,2
6,12,748,6,12,1.0,1
6,13,754,6,13,10.0,31
6,13,753,6,13,9.0,19
6,13,756,6,13,12.0,3
6,13,755,6,13,11.0,2
6,13,751,6,13,4.0,1
6,13,752,6,13,8.0,1
6,14,757,6,14,9.0,6
6,15,758,6,15,10.0,3
6,15,759,6,15,12.0,1
6,21,760,6,21,9.0,2
6,21,761,6,21,12.0,1
6,22,762,6,22,10.0,2
6,23,765,6,23,10.0,9
6,23,763,6,23,1.0,1
6,23,764,6,23,9.0,1
6,23,766,6,23,12.0,1
6,31,772,6,31,9.0,18
6,31,767,6,31,0.0,5
6,31,771,6,31,8.0,5
6,31,770,6,31,6.0,2
6,31,773,6,31,10.0,2
6,31,774,6,31,12.0,2
6,31,768,6,31,1.0,1
6,31,769,6,31,4.0,1
6,32,778,6,32,10.0,22
6,32,777,6,32,9.0,21
6,32,775,6,32,1.0,1
6,32,776,6,32,4.0,1
6,32,779,6,32,12.0,1
6,33,785,6,33,10.0,18
6,33,784,6,33,9.0,7
6,33,780,6,33,0.0,2
6,33,781,6,33,4.0,2
6,33,783,6,33,8.0,2
6,33,782,6,33,6.0,1
6,34,786,6,34,10.0,7
6,35,791,6,35,10.0,4
6,35,787,6,35,0.0,1
6,35,788,6,35,4.0,1
6,35,789,6,35,5.0,1
6,35,790,6,35,8.0,1
6,36,792,6,36,10.0,2
6,37,798,6,37,9.0,25
6,37,799,6,37,10.0,22
6,37,797,6,37,8.0,6
6,37,795,6,37,4.0,2
6,37,796,6,37,6.0,2
6,37,800,6,37,11.0,2
6,37,801,6,37,12.0,2
6,37,793,6,37,0.0,1
6,37,794,6,37,1.0,1
6,41,803,6,41,10.0,3
6,41,802,6,41,4.0,1
6,42,806,6,42,10.0,2
6,42,807,6,42,12.0,2
6,42,804,6,42,8.0,1
6,42,805,6,42,9.0,1
6,43,811,6,43,10.0,6
6,43,808,6,43,0.0,2
6,43,809,6,43,8.0,2
6,43,813,6,43,12.0,2
6,43,810,6,43,9.0,1
6,43,812,6,43,11.0,1
6,44,821,6,44,10.0,53
6,44,820,6,44,9.0,35
6,44,814,6,44,0.0,4
6,44,819,6,44,8.0,4
6,44,816,6,44,4.0,3
6,44,822,6,44,12.0,3
6,44,817,6,44,6.0,2
6,44,818,6,44,7.0,2
6,44,815,6,44,1.0,1
6,45,823,6,45,9.0,2
6,45,824,6,45,10.0,2
6,50,829,6,50,10.0,27
6,50,828,6,50,9.0,15
6,50,830,6,50,11.0,7
6,50,826,6,50,4.0,2
6,50,825,6,50,0.0,1
6,50,827,6,50,8.0,1
6,50,831,6,50,12.0,1
6,51,834,6,51,10.0,12
6,51,833,6,51,9.0,3
6,51,832,6,51,8.0,2
6,53,836,6,53,10.0,2
6,53,835,6,53,9.0,1
6,61,837,6,61,6.0,1
6,62,838,6,62,9.0,1
6,62,839,6,62,10.0,1
6,62,840,6,62,11.0,1
6,62,841,6,62,12.0,1
6,82,842,6,82,0.0,1
6,400,845,6,400,10.0,3
6,400,843,6,400,0.0,1
6,400,844,6,400,4.0,1
7,11,851,7,11,10.0,4
7,11,847,7,11,4.0,2
7,11,848,7,11,6.0,2
7,11,850,7,11,8.0,2
7,11,846,7,11,0.0,1
7,11,849,7,11,7.0,1
7,12,854,7,12,10.0,7
7,12,853,7,12,8.0,6
7,12,852,7,12,4.0,1
7,13,858,7,13,10.0,17
7,13,857,7,13,9.0,6
7,13,856,7,13,8.0,2
7,13,855,7,13,4.0,1
7,13,859,7,13,12.0,1
7,14,860,7,14,10.0,2
7,14,861,7,14,12.0,1
7,15,862,7,15,10.0,5
7,15,863,7,15,12.0,2
7,21,866,7,21,10.0,6
7,21,865,7,21,9.0,2
7,21,864,7,21,4.0,1
7,22,867,7,22,8.0,1
7,22,868,7,22,9.0,1
7,23,869,7,23,10.0,1
7,31,873,7,31,10.0,13
7,31,872,7,31,9.0,10
7,31,870,7,31,4.0,3
7,31,871,7,31,8.0,1
7,32,875,7,32,10.0,12
7,32,874,7,32,9.0,5
7,33,879,7,33,8.0,24
7,33,881,7,33,10.0,20
7,33,880,7,33,9.0,3
7,33,876,7,33,0.0,2
7,33,878,7,33,6.0,2
7,33,883,7,33,12.0,2
7,33,877,7,33,4.0,1
7,33,882,7,33,11.0,1
7,34,884,7,34,9.0,1
7,34,885,7,34,10.0,1
7,35,889,7,35,10.0,4
7,35,890,7,35,12.0,2
7,35,886,7,35,4.0,1
7,35,887,7,35,5.0,1
7,35,888,7,35,9.0,1
7,36,894,7,36,11.0,8
7,36,893,7,36,10.0,7
7,36,891,7,36,8.0,2
7,36,892,7,36,9.0,1
7,37,901,7,37,10.0,21
7,37,903,7,37,12.0,4
7,37,900,7,37,9.0,3
7,37,896,7,37,1.0,2
7,37,899,7,37,8.0,2
7,37,902,7,37,11.0,2
7,37,895,7,37,0.0,1
7,37,897,7,37,4.0,1
7,37,898,7,37,6.0,1
7,41,906,7,41,10.0,13
7,41,905,7,41,9.0,4
7,41,907,7,41,11.0,2
7,41,904,7,41,8.0,1
7,42,909,7,42,10.0,4
7,42,908,7,42,4.0,1
7,42,910,7,42,11.0,1
7,42,911,7,42,12.0,1
7,43,914,7,43,10.0,4
7,43,913,7,43,9.0,3
7,43,915,7,43,12.0,2
7,43,912,7,43,4.0,1
7,44,919,7,44,10.0,14
7,44,918,7,44,9.0,8
7,44,916,7,44,4.0,4
7,44,917,7,44,8.0,4
7,44,920,7,44,11.0,1
7,44,921,7,44,12.0,1
7,45,922,7,45,10.0,2
7,45,923,7,45,12.0,1
7,50,927,7,50,10.0,4
7,50,924,7,50,0.0,2
7,50,928,7,50,11.0,2
7,50,925,7,50,8.0,1
7,50,926,7,50,9.0,1
7,50,929,7,50,12.0,1
7,51,935,7,51,10.0,9
7,51,931,7,51,6.0,4
7,51,933,7,51,8.0,4
7,51,934,7,51,9.0,4
7,51,930,7,51,5.0,2
7,51,932,7,51,7.0,1
7,61,939,7,61,10.0,6
7,61,937,7,61,8.0,2
7,61,936,7,61,0.0,1
7,61,938,7,61,9.0,1
7,62,940,7,62,10.0,1
7,400,945,7,400,10.0,12
7,400,944,7,400,9.0,8
7,400,947,7,400,12.0,5
7,400,946,7,400,11.0,4
7,400,942,7,400,4.0,3
7,400,943,7,400,8.0,3
7,400,941,7,400,1.0,1
8,11,955,8,11,9.0,228
8,11,956,8,11,10.0,85
8,11,950,8,11,4.0,22
8,11,958,8,11,12.0,19
8,11,954,8,11,8.0,13
8,11,948,8,11,0.0,10
8,11,957,8,11,11.0,8
8,11,952,8,11,6.0,6
8,11,949,8,11,1.0,3
8,11,951,8,11,5.0,3
8,11,953,8,11,7.0,2
8,12,959,8,12,10.0,1
8,13,961,8,13,9.0,10
8,13,960,8,13,8.0,2
8,13,962,8,13,11.0,1
8,13,963,8,13,12.0,1
8,14,965,8,14,9.0,6
8,14,966,8,14,10.0,6
8,14,964,8,14,6.0,1
8,14,967,8,14,11.0,1
8,14,968,8,14,12.0,1
8,21,971,8,21,10.0,5
8,21,970,8,21,9.0,3
8,21,969,8,21,0.0,2
8,23,972,8,23,10.0,4
8,31,974,8,31,9.0,6
8,31,973,8,31,6.0,2
8,31,975,8,31,10.0,2
8,31,976,8,31,12.0,1
8,32,980,8,32,10.0,12
8,32,979,8,32,9.0,4
8,32,978,8,32,8.0,2
8,32,977,8,32,4.0,1
8,32,981,8,32,11.0,1
8,32,982,8,32,12.0,1
8,33,985,8,33,10.0,18
8,33,984,8,33,9.0,8
8,33,983,8,33,4.0,1
8,33,986,8,33,12.0,1
8,34,989,8,34,9.0,12
8,34,990,8,34,10.0,10
8,34,988,8,34,8.0,2
8,34,991,8,34,12.0,2
8,34,987,8,34,1.0,1
8,35,992,8,35,8.0,5
8,35,994,8,35,10.0,4
8,35,995,8,35,11.0,2
8,35,993,8,35,9.0,1
8,35,996,8,35,12.0,1
8,36,1000,8,36,10.0,8
8,36,998,8,36,8.0,3
8,36,1001,8,36,12.0,2
8,36,997,8,36,4.0,1
8,36,999,8,36,9.0,1
8,37,1005,8,37,10.0,21
8,37,1004,8,37,9.0,6
8,37,1003,8,37,8.0,4
8,37,1007,8,37,12.0,3
8,37,1002,8,37,4.0,2
8,37,1006,8,37,11.0,1
8,41,1011,8,41,10.0,3
8,41,1008,8,41,1.0,2
8,41,1010,8,41,9.0,2
8,41,1009,8,41,4.0,1
8,41,1012,8,41,11.0,1
8,41,1013,8,41,12.0,1
8,42,1015,8,42,10.0,3
8,42,1014,8,42,1.0,1
8,43,1016,8,43,8.0,1
8,44,1019,8,44,8.0,6
8,44,1020,8,44,9.0,5
8,44,1021,8,44,10.0,5
8,44,1017,8,44,0.0,1
8,44,1018,8,44,4.0,1
8,44,1022,8,44,12.0,1
8,45,1027,8,45,12.0,2
8,45,1023,8,45,4.0,1
8,45,1024,8,45,6.0,1
8,45,1025,8,45,9.0,1
8,45,1026,8,45,10.0,1
8,50,1031,8,50,10.0,16
8,50,1030,8,50,9.0,4
8,50,1032,8,50,11.0,3
8,50,1028,8,50,0.0,1
8,50,1029,8,50,4.0,1
8,51,1034,8,51,10.0,4
8,51,1033,8,51,0.0,1
8,61,1036,8,61,10.0,3
8,61,1035,8,61,0.0,2
8,61,1037,8,61,11.0,2
8,61,1038,8,61,12.0,1
8,62,1039,8,62,9.0,3
8,62,1040,8,62,10.0,1
8,400,1041,8,400,10.0,1
8,400,1042,8,400,12.0,1
9,11,1043,9,11,10.0,1
9,12,1044,9,12,8.0,2
9,12,1045,9,12,10.0,1
9,13,1049,9,13,10.0,13
9,13,1048,9,13,9.0,6
9,13,1046,9,13,4.0,1
9,13,1047,9,13,8.0,1
9,13,1050,9,13,12.0,1
9,14,1052,9,14,10.0,2
9,14,1051,9,14,0.0,1
9,21,1053,9,21,9.0,5
9,23,1054,9,23,12.0,2
9,31,1059,9,31,10.0,10
9,31,1058,9,31,9.0,8
9,31,1057,9,31,8.0,7
9,31,1056,9,31,4.0,3
9,31,1060,9,31,12.0,2
9,31,1055,9,31,0.0,1
9,32,1065,9,32,10.0,10
9,32,1064,9,32,9.0,9
9,32,1062,9,32,4.0,3
9,32,1063,9,32,8.0,3
9,32,1067,9,32,12.0,3
9,32,1061,9,32,0.0,2
9,32,1066,9,32,11.0,1
9,33,1069,9,33,10.0,6
9,33,1068,9,33,0.0,1
9,35,1071,9,35,10.0,8
9,35,1072,9,35,12.0,3
9,35,1070,9,35,8.0,1
9,36,1075,9,36,10.0,5
9,36,1076,9,36,11.0,2
9,36,1073,9,36,4.0,1
9,36,1074,9,36,8.0,1
9,37,1080,9,37,10.0,8
9,37,1079,9,37,9.0,4
9,37,1077,9,37,6.0,2
9,37,1078,9,37,8.0,1
9,37,1081,9,37,12.0,1
9,41,1085,9,41,10.0,10
9,41,1082,9,41,4.0,1
9,41,1083,9,41,8.0,1
9,41,1084,9,41,9.0,1
9,42,1089,9,42,10.0,6
9,42,1086,9,42,0.0,1
9,42,1087,9,42,1.0,1
9,42,1088,9,42,9.0,1
9,42,1090,9,42,12.0,1
9,43,1091,9,43,10.0,2
9,43,1092,9,43,12.0,1
9,44,1095,9,44,10.0,8
9,44,1093,9,44,0.0,1
9,44,1094,9,44,9.0,1
9,44,1096,9,44,12.0,1
9,45,1099,9,45,10.0,8
9,45,1100,9,45,12.0,2
9,45,1097,9,45,1.0,1
9,45,1098,9,45,9.0,1
9,50,1102,9,50,10.0,2
9,50,1101,9,50,9.0,1
9,51,1103,9,51,8.0,1
9,51,1104,9,51,9.0,1
9,51,1105,9,51,10.0,1
9,61,1107,9,61,10.0,9
9,61,1106,9,61,9.0,2
9,61,1108,9,61,11.0,1
9,61,1109,9,61,12.0,1
9,62,1110,9,62,9.0,2
9,62,1111,9,62,10.0,2
9,81,1112,9,81,6.0,1
9,400,1115,9,400,10.0,7
9,400,1114,9,400,6.0,2
9,400,1113,9,400,1.0,1
9,400,1116,9,400,12.0,1
10,12,1117,10,12,10.0,1
10,13,1121,10,13,10.0,7
10,13,1120,10,13,9.0,4
10,13,1118,10,13,4.0,1
10,13,1119,10,13,8.0,1
10,13,1122,10,13,12.0,1
10,14,1123,10,14,10.0,5
10,14,1125,10,14,12.0,3
10,14,1124,10,14,11.0,1
10,21,1127,10,21,10.0,3
10,21,1126,10,21,9.0,1
10,21,1128,10,21,12.0,1
10,23,1129,10,23,10.0,2
10,31,1134,10,31,10.0,16
10,31,1133,10,31,9.0,15
10,31,1132,10,31,8.0,2
10,31,1135,10,31,12.0,2
10,31,1130,10,31,4.0,1
10,31,1131,10,31,6.0,1
10,32,1140,10,32,10.0,10
10,32,1139,10,32,9.0,5
10,32,1141,10,32,12.0,3
10,32,1138,10,32,8.0,2
10,32,1136,10,32,1.0,1
10,32,1137,10,32,4.0,1
10,33,1144,10,33,10.0,19
10,33,1143,10,33,8.0,3
10,33,1142,10,33,6.0,1
10,33,1145,10,33,12.0,1
10,34,1149,10,34,9.0,7
10,34,1150,10,34,10.0,6
10,34,1147,10,34,4.0,5
10,34,1148,10,34,8.0,3
10,34,1146,10,34,0.0,1
10,34,1151,10,34,12.0,1
10,36,1153,10,36,9.0,3
10,36,1152,10,36,0.0,1
10,36,1154,10,36,10.0,1
10,37,1156,10,37,10.0,13
10,37,1155,10,37,9.0,3
10,37,1157,10,37,11.0,1
10,37,1158,10,37,12.0,1
10,41,1161,10,41,10.0,7
10,41,1160,10,41,9.0,2
10,41,1159,10,41,8.0,1
10,42,1163,10,42,10.0,5
10,42,1162,10,42,8.0,1
10,43,1164,10,43,9.0,14
10,43,1165,10,43,10.0,4
10,45,1166,10,45,10.0,1
10,51,1168,10,51,10.0,10
10,51,1167,10,51,9.0,1
10,61,1169,10,61,10.0,2
10,62,1170,10,62,10.0,1
10,62,1171,10,62,12.0,1
10,71,1174,10,71,6.0,7
10,71,1175,10,71,8.0,3
10,71,1173,10,71,5.0,2
10,71,1176,10,71,10.0,2
10,71,1172,10,71,0.0,1
10,81,1177,10,81,9.0,9
10,400,1178,10,400,0.0,1
10,400,1179,10,400,8.0,1
10,400,1180,10,400,12.0,1
11,11,1182,11,11,10.0,8
11,11,1181,11,11,8.0,1
11,12,1184,11,12,9.0,3
11,12,1183,11,12,4.0,1
11,12,1185,11,12,10.0,1
11,13,1188,11,13,10.0,3
11,13,1189,11,13,12.0,2
11,13,1186,11,13,4.0,1
11,13,1187,11,13,9.0,1
11,21,1190,11,21,8.0,1
11,21,1191,11,21,10.0,1
11,23,1192,11,23,4.0,7
11,23,1193,11,23,10.0,1
11,32,1196,11,32,10.0,16
11,32,1194,11,32,5.0,1
11,32,1195,11,32,9.0,1
11,33,1198,11,33,10.0,8
11,33,1199,11,33,12.0,2
11,33,1197,11,33,8.0,1
11,34,1201,11,34,10.0,16
11,34,1200,11,34,9.0,2
11,36,1203,11,36,9.0,7
11,36,1202,11,36,6.0,2
11,36,1204,11,36,10.0,1
11,36,1205,11,36,11.0,1
11,36,1206,11,36,12.0,1
11,37,1209,11,37,10.0,5
11,37,1208,11,37,8.0,3
11,37,1207,11,37,6.0,2
11,37,1210,11,37,12.0,1
11,41,1212,11,41,10.0,3
11,41,1211,11,41,9.0,1
11,42,1215,11,42,10.0,6
11,42,1213,11,42,0.0,1
11,42,1214,11,42,9.0,1
11,42,1216,11,42,11.0,1
11,43,1217,11,43,10.0,3
11,43,1218,11,43,12.0,1
11,45,1219,11,45,10.0,2
11,51,1221,11,51,10.0,3
11,51,1220,11,51,9.0,2
11,51,1222,11,51,12.0,1
11,400,1226,11,400,9.0,52
11,400,1225,11,400,8.0,4
11,400,1224,11,400,4.0,3
11,400,1223,11,400,0.0,2
11,400,1227,11,400,10.0,2
11,400,1228,11,400,12.0,1
12,11,1234,12,11,10.0,8
12,11,1235,12,11,12.0,3
12,11,1233,12,11,9.0,2
12,11,1229,12,11,0.0,1
12,11,1230,12,11,4.0,1
12,11,1231,12,11,6.0,1
12,11,1232,12,11,8.0,1
12,12,1236,12,12,10.0,6
12,12,1237,12,12,12.0,1
12,21,1238,12,21,9.0,2
12,23,1239,12,23,9.0,2
12,23,1240,12,23,10.0,1
12,31,1245,12,31,10.0,24
12,31,1244,12,31,9.0,19
12,31,1241,12,31,0.0,8
12,31,1242,12,31,4.0,4
12,31,1247,12,31,12.0,2
12,31,1243,12,31,8.0,1
12,31,1246,12,31,11.0,1
12,32,1250,12,32,10.0,6
12,32,1249,12,32,4.0,3
12,32,1248,12,32,0.0,2
12,34,1254,12,34,10.0,6
12,34,1253,12,34,9.0,4
12,34,1251,12,34,4.0,3
12,34,1256,12,34,12.0,3
12,34,1252,12,34,8.0,2
12,34,1255,12,34,11.0,2
12,37,1260,12,37,10.0,3
12,37,1259,12,37,9.0,2
12,37,1261,12,37,12.0,2
12,37,1257,12,37,6.0,1
12,37,1258,12,37,8.0,1
12,41,1263,12,41,10.0,5
12,41,1262,12,41,9.0,2
12,41,1264,12,41,12.0,1
12,42,1266,12,42,10.0,5
12,42,1265,12,42,9.0,1
12,43,1270,12,43,9.0,4
12,43,1271,12,43,10.0,3
12,43,1267,12,43,0.0,1
12,43,1268,12,43,6.0,1
12,43,1269,12,43,8.0,1
12,44,1275,12,44,10.0,8
12,44,1274,12,44,9.0,4
12,44,1272,12,44,0.0,1
12,44,1273,12,44,7.0,1
12,44,1276,12,44,11.0,1
12,45,1277,12,45,9.0,2
12,50,1282,12,50,10.0,22
12,50,1281,12,50,9.0,16
12,50,1280,12,50,8.0,2
12,50,1283,12,50,11.0,2
12,50,1278,12,50,4.0,1
12,50,1279,12,50,7.0,1
12,50,1284,12,50,12.0,1
12,400,1285,12,400,9.0,1
12,400,1286,12,400,10.0,1
13,11,1291,13,11,10.0,4
13,11,1290,13,11,9.0,2
13,11,1287,13,11,0.0,1
13,11,1288,13,11,4.0,1
13,11,1289,13,11,8.0,1
13,12,1294,13,12,10.0,7
13,12,1293,13,12,9.0,3
13,12,1292,13,12,0.0,1
13,21,1295,13,21,10.0,1
13,31,1298,13,31,9.0,10
13,31,1299,13,31,10.0,9
13,31,1296,13,31,0.0,3
13,31,1297,13,31,4.0,1
13,31,1300,13,31,12.0,1
13,32,1302,13,32,10.0,6
13,32,1301,13,32,9.0,2
13,32,1303,13,32,12.0,1
13,34,1309,13,34,10.0,5
13,34,1311,13,34,12.0,5
13,34,1307,13,34,8.0,2
13,34,1304,13,34,0.0,1
13,34,1305,13,34,1.0,1
13,34,1306,13,34,4.0,1
13,34,1308,13,34,9.0,1
13,34,1310,13,34,11.0,1
13,37,1314,13,37,10.0,15
13,37,1313,13,37,9.0,8
13,37,1316,13,37,12.0,3
13,37,1312,13,37,5.0,2
13,37,1315,13,37,11.0,1
13,41,1321,13,41,10.0,13
13,41,1320,13,41,9.0,2
13,41,1317,13,41,0.0,1
13,41,1318,13,41,4.0,1
13,41,1319,13,41,8.0,1
13,41,1322,13,41,11.0,1
13,42,1323,13,42,10.0,1
13,43,1325,13,43,10.0,3
13,43,1324,13,43,9.0,1
13,44,1330,13,44,10.0,25
13,44,1329,13,44,9.0,3
13,44,1328,13,44,8.0,2
13,44,1331,13,44,11.0,2
13,44,1326,13,44,0.0,1
13,44,1327,13,44,1.0,1
13,44,1332,13,44,12.0,1
13,50,1333,13,50,10.0,3
13,50,1334,13,50,12.0,1
13,51,1338,13,51,10.0,7
13,51,1339,13,51,12.0,4
13,51,1337,13,51,9.0,3
13,51,1336,13,51,4.0,2
13,51,1335,13,51,0.0,1
13,71,1340,13,71,8.0,1
13,81,1341,13,81,10.0,1
14,11,1346,14,11,9.0,26
14,11,1347,14,11,10.0,3
14,11,1342,14,11,4.0,1
14,11,1343,14,11,6.0,1
14,11,1344,14,11,7.0,1
14,11,1345,14,11,8.0,1
14,12,1349,14,12,10.0,3
14,12,1348,14,12,4.0,1
14,12,1350,14,12,12.0,1
14,21,1351,14,21,8.0,1
14,21,1352,14,21,9.0,1
14,31,1355,14,31,9.0,6
14,31,1356,14,31,10.0,4
14,31,1354,14,31,8.0,3
14,31,1353,14,31,4.0,1
14,34,1357,14,34,1.0,1
14,37,1360,14,37,10.0,2
14,37,1358,14,37,1.0,1
14,37,1359,14,37,4.0,1
14,37,1361,14,37,12.0,1
14,41,1363,14,41,10.0,7
14,41,1362,14,41,9.0,1
14,41,1364,14,41,12.0,1
14,44,1367,14,44,10.0,18
14,44,1366,14,44,9.0,5
14,44,1365,14,44,0.0,1
14,44,1368,14,44,12.0,1
14,45,1369,14,45,10.0,1
14,51,1371,14,51,10.0,3
14,51,1370,14,51,8.0,1
14,51,1372,14,51,11.0,1
14,400,1374,14,400,10.0,5
14,400,1373,14,400,6.0,2
14,400,1375,14,400,12.0,1
15,11,1381,15,11,10.0,8
15,11,1378,15,11,4.0,3
15,11,1376,15,11,0.0,2
15,11,1377,15,11,1.0,1
15,11,1379,15,11,6.0,1
15,11,1380,15,11,9.0,1
15,12,1382,15,12,0.0,1
15,31,1390,15,31,9.0,51
15,31,1391,15,31,10.0,46
15,31,1389,15,31,8.0,11
15,31,1383,15,31,0.0,8
15,31,1385,15,31,4.0,8
15,31,1387,15,31,6.0,8
15,31,1393,15,31,12.0,7
15,31,1384,15,31,1.0,1
15,31,1386,15,31,5.0,1
15,31,1388,15,31,7.0,1
15,31,1392,15,31,11.0,1
15,34,1395,15,34,10.0,6
15,34,1396,15,34,12.0,2
15,34,1394,15,34,8.0,1
15,37,1399,15,37,10.0,2
15,37,1397,15,37,8.0,1
15,37,1398,15,37,9.0,1
15,41,1404,15,41,10.0,8
15,41,1403,15,41,9.0,2
15,41,1400,15,41,0.0,1
15,41,1401,15,41,4.0,1
15,41,1402,15,41,8.0,1
15,41,1405,15,41,11.0,1
15,41,1406,15,41,12.0,1
15,44,1408,15,44,10.0,4
15,44,1407,15,44,0.0,1
15,44,1409,15,44,12.0,1
15,50,1411,15,50,1.0,2
15,50,1412,15,50,8.0,2
15,50,1413,15,50,10.0,2
15,50,1410,15,50,0.0,1
15,51,1416,15,51,10.0,5
15,51,1414,15,51,0.0,2
15,51,1415,15,51,8.0,1
15,51,1417,15,51,11.0,1
15,51,1418,15,51,12.0,1
15,400,1423,15,400,10.0,19
15,400,1422,15,400,9.0,7
15,400,1424,15,400,11.0,3
15,400,1419,15,400,4.0,1
15,400,1420,15,400,6.0,1
15,400,1421,15,400,8.0,1
15,400,1425,15,400,12.0,1
16,11,1426,16,11,9.0,1
16,31,1427,16,31,9.0,2
16,31,1428,16,31,10.0,1
16,34,1429,16,34,10.0,1
16,37,1430,16,37,9.0,9
16,37,1431,16,37,10.0,7
16,41,1432,16,41,10.0,3
16,41,1433,16,41,12.0,1
16,44,1434,16,44,9.0,3
16,44,1435,16,44,10.0,2
16,51,1438,16,51,10.0,5
16,51,1437,16,51,9.0,3
16,51,1436,16,51,8.0,1
16,51,1439,16,51,12.0,1
16,400,1448,16,400,10.0,56
16,400,1447,16,400,9.0,30
16,400,1446,16,400,8.0,13
16,400,1450,16,400,12.0,12
16,400,1440,16,400,0.0,6
16,400,1442,16,400,4.0,6
16,400,1449,16,400,11.0,3
16,400,1441,16,400,1.0,1
16,400,1443,16,400,5.0,1
16,400,1444,16,400,6.0,1
16,400,1445,16,400,7.0,1
17,11,1451,17,11,10.0,1
17,31,1452,17,31,8.0,12
17,31,1454,17,31,10.0,7
17,31,1453,17,31,9.0,1
17,31,1455,17,31,11.0,1
17,31,1456,17,31,12.0,1
17,34,1458,17,34,12.0,3
17,34,1457,17,34,10.0,1
17,37,1460,17,37,10.0,7
17,37,1461,17,37,11.0,2
17,37,1459,17,37,8.0,1
17,37,1462,17,37,12.0,1
17,41,1463,17,41,10.0,6
17,41,1464,17,41,11.0,1
17,44,1465,17,44,10.0,5
17,44,1466,17,44,12.0,1
17,51,1468,17,51,10.0,4
17,51,1467,17,51,9.0,1
17,400,1470,17,400,10.0,3
17,400,1469,17,400,9.0,2
18,31,1471,18,31,9.0,5
18,31,1472,18,31,10.0,5
18,34,1477,18,34,10.0,7
18,34,1476,18,34,9.0,5
18,34,1475,18,34,8.0,3
18,34,1473,18,34,4.0,1
18,34,1474,18,34,6.0,1
18,34,1478,18,34,11.0,1
18,34,1479,18,34,12.0,1
18,44,1484,18,44,9.0,4
18,44,1485,18,44,10.0,3
18,44,1483,18,44,8.0,2
18,44,1486,18,44,11.0,2
18,44,1480,18,44,0.0,1
18,44,1481,18,44,1.0,1
18,44,1482,18,44,6.0,1
18,51,1489,18,51,12.0,8
18,51,1487,18,51,9.0,2
18,51,1488,18,51,10.0,1
18,400,1492,18,400,10.0,4
18,400,1491,18,400,9.0,3
18,400,1490,18,400,6.0,1
18,400,1493,18,400,12.0,1
19,31,1495,19,31,10.0,3
19,31,1494,19,31,9.0,2
19,44,1500,19,44,9.0,53
19,44,1501,19,44,10.0,48
19,44,1503,19,44,12.0,8
19,44,1496,19,44,0.0,7
19,44,1497,19,44,4.0,5
19,44,1499,19,44,8.0,3
19,44,1498,19,44,6.0,2
19,44,1502,19,44,11.0,1
19,51,1504,19,51,9.0,1
19,400,1506,19,400,10.0,2
19,400,1505,19,400,4.0,1
19,400,1507,19,400,11.0,1
20,31,1509,20,31,9.0,3
20,31,1508,20,31,4.0,1
20,31,1510,20,31,10.0,1
20,44,1516,20,44,10.0,14
20,44,1515,20,44,9.0,6
20,44,1513,20,44,6.0,2
20,44,1514,20,44,8.0,2
20,44,1511,20,44,0.0,1
20,44,1512,20,44,4.0,1
20,44,1517,20,44,12.0,1
20,51,1520,20,51,10.0,2
20,51,1518,20,51,0.0,1
20,51,1519,20,51,9.0,1
20,400,1521,20,400,1.0,1
20,400,1522,20,400,10.0,1
21,45,1525,21,45,10.0,2
21,45,1523,21,45,1.0,1
21,45,1524,21,45,6.0,1
21,45,1526,21,45,12.0,1
21,54,1527,21,54,5.0,3
21,54,1528,21,54,8.0,1
21,63,1529,21,63,9.0,1
21,400,1531,21,400,9.0,10
21,400,1532,21,400,10.0,2
21,400,1530,21,400,5.0,1
22,45,1533,22,45,9.0,15
22,45,1534,22,45,10.0,12
22,50,1535,22,50,9.0,1
22,50,1536,22,50,10.0,1
22,52,1537,22,52,10.0,1
22,65,1538,22,65,4.0,1
22,65,1539,22,65,12.0,1
22,400,1540,22,400,9.0,1
22,400,1541,22,400,10.0,1
23,12,1542,23,12,10.0,1
23,14,1544,23,14,10.0,9
23,14,1545,23,14,12.0,2
23,14,1543,23,14,6.0,1
23,50,1546,23,50,10.0,2
23,52,1547,23,52,9.0,1
23,53,1548,23,53,4.0,1
23,53,1549,23,53,10.0,1
23,54,1550,23,54,0.0,1
23,63,1551,23,63,9.0,1
23,400,1552,23,400,10.0,1
24,22,1554,24,22,10.0,7
24,22,1553,24,22,9.0,1
24,22,1555,24,22,11.0,1
24,22,1556,24,22,12.0,1
24,50,1557,24,50,10.0,1
24,52,1558,24,52,4.0,1
24,52,1559,24,52,9.0,1
24,52,1560,24,52,10.0,1
24,52,1561,24,52,11.0,1
24,52,1562,24,52,12.0,1
24,54,1563,24,54,10.0,1
24,62,1564,24,62,10.0,3
24,62,1565,24,62,12.0,2
25,12,1566,25,12,9.0,1
25,12,1567,25,12,10.0,1
25,15,1568,25,15,0.0,2
25,15,1569,25,15,8.0,1
25,15,1570,25,15,10.0,1
25,15,1571,25,15,11.0,1
25,15,1572,25,15,12.0,1
25,53,1574,25,53,10.0,3
25,53,1573,25,53,8.0,2
25,53,1575,25,53,12.0,2
25,54,1576,25,54,12.0,1
26,12,1579,26,12,9.0,2
26,12,1580,26,12,12.0,2
26,12,1577,26,12,4.0,1
26,12,1578,26,12,8.0,1
26,52,1582,26,52,10.0,3
26,52,1581,26,52,9.0,2
26,52,1583,26,52,12.0,1
26,53,1584,26,53,10.0,1
26,54,1585,26,54,4.0,3
26,54,1586,26,54,5.0,1
26,54,1587,26,54,10.0,1
26,400,1588,26,400,10.0,2
27,23,1589,27,23,8.0,1
27,50,1590,27,50,10.0,1
27,52,1592,27,52,10.0,3
27,52,1591,27,52,4.0,1
27,53,1593,27,53,11.0,1
27,63,1594,27,63,4.0,1
27,65,1595,27,65,10.0,1
27,400,1596,27,400,9.0,1
27,400,1597,27,400,10.0,1
28,15,1598,28,15,10.0,1
28,42,1599,28,42,10.0,3
28,42,1600,28,42,12.0,2
28,50,1601,28,50,10.0,1
28,53,1603,28,53,10.0,4
28,53,1602,28,53,4.0,1
28,65,1604,28,65,10.0,1
28,400,1605,28,400,8.0,1
28,400,1606,28,400,10.0,1
28,400,1607,28,400,11.0,1
29,11,1608,29,11,10.0,1
29,15,1609,29,15,9.0,2
29,42,1610,29,42,10.0,1
29,53,1611,29,53,9.0,1
29,53,1612,29,53,12.0,1
29,62,1614,29,62,10.0,2
29,62,1613,29,62,9.0,1
29,65,1615,29,65,9.0,2
29,65,1616,29,65,12.0,1
29,400,1617,29,400,10.0,1
30,31,1618,30,31,0.0,1
30,31,1619,30,31,1.0,1
30,31,1620,30,31,4.0,1
30,31,1621,30,31,6.0,1
30,31,1622,30,31,10.0,1
30,31,1623,30,31,11.0,1
30,42,1624,30,42,11.0,1
30,62,1625,30,62,10.0,1
30,65,1626,30,65,5.0,1
30,400,1627,30,400,8.0,1
31,42,1628,31,42,9.0,1
31,42,1629,31,42,12.0,1
31,43,1632,31,43,10.0,2
31,43,1630,31,43,0.0,1
31,43,1631,31,43,9.0,1
31,53,1633,31,53,9.0,2
31,53,1634,31,53,10.0,2
31,400,1637,31,400,9.0,2
31,400,1635,31,400,0.0,1
31,400,1636,31,400,5.0,1
32,50,1638,32,50,10.0,1
32,53,1640,32,53,9.0,5
32,53,1641,32,53,10.0,3
32,53,1639,32,53,8.0,1
33,50,1642,33,50,10.0,1
34,51,1644,34,51,10.0,2
34,51,1643,34,51,0.0,1
35,50,1645,35,50,10.0,1
35,400,1646,35,400,4.0,3
36,50,1647,36,50,8.0,1
37,50,1648,37,50,10.0,1
37,400,1649,37,400,10.0,1
40,65,1650,40,65,9.0,4
40,65,1651,40,65,10.0,2
40,65,1652,40,65,11.0,1
41,50,1653,41,50,9.0,5
42,65,1654,42,65,10.0,1
42,400,1655,42,400,10.0,2
43,65,1656,43,65,10.0,1
43,65,1657,43,65,12.0,1
44,65,1658,44,65,9.0,1
44,65,1659,44,65,10.0,1
45,400,1662,45,400,10.0,2
45,400,1660,45,400,0.0,1
45,400,1661,45,400,1.0,1
46,400,1663,46,400,4.0,1
51,44,1667,51,44,10.0,4
51,44,1664,51,44,0.0,3
51,44,1666,51,44,9.0,3
51,44,1665,51,44,5.0,1
51,44,1668,51,44,12.0,1
52,44,1672,52,44,10.0,18
52,44,1671,52,44,9.0,4
52,44,1669,52,44,0.0,1
52,44,1670,52,44,8.0,1
52,44,1673,52,44,12.0,1
53,44,1676,53,44,10.0,13
53,44,1674,53,44,6.0,1
53,44,1675,53,44,8.0,1
81,50,1677,81,50,10.0,2
82,50,1678,82,50,9.0,2
82,50,1679,82,50,10.0,1
83,50,1680,83,50,10.0,2
90,46,1681,90,46,4.0,5
90,46,1682,90,46,9.0,2
90,46,1683,90,46,10.0,1
90,71,1687,90,71,9.0,5
90,71,1685,90,71,5.0,3
90,71,1684,90,71,0.0,1
90,71,1686,90,71,8.0,1
1000,11,1695,1000,11,9.0,261
1000,11,1696,1000,11,10.0,148
1000,11,1694,1000,11,8.0,63
1000,11,1690,1000,11,4.0,42
1000,11,1688,1000,11,0.0,36
1000,11,1698,1000,11,12.0,34
1000,11,1692,1000,11,6.0,24
1000,11,1697,1000,11,11.0,16
1000,11,1691,1000,11,5.0,8
1000,11,1689,1000,11,1.0,7
1000,11,1693,1000,11,7.0,7
1000,12,1706,1000,12,10.0,28
1000,12,1705,1000,12,9.0,17
1000,12,1703,1000,12,6.0,6
1000,12,1707,1000,12,11.0,5
1000,12,1708,1000,12,12.0,5
1000,12,1701,1000,12,4.0,4
1000,12,1704,1000,12,8.0,4
1000,12,1700,1000,12,1.0,2
1000,12,1699,1000,12,0.0,1
1000,12,1702,1000,12,5.0,1
1000,13,1713,1000,13,9.0,32
1000,13,1714,1000,13,10.0,24
1000,13,1710,1000,13,4.0,9
1000,13,1712,1000,13,8.0,9
1000,13,1715,1000,13,12.0,3
1000,13,1709,1000,13,0.0,2
1000,13,1711,1000,13,6.0,1
1000,14,1719,1000,14,10.0,16
1000,14,1718,1000,14,9.0,7
1000,14,1717,1000,14,8.0,3
1000,14,1721,1000,14,12.0,3
1000,14,1716,1000,14,4.0,2
1000,14,1720,1000,14,11.0,2
1000,15,1726,1000,15,10.0,8
1000,15,1725,1000,15,9.0,4
1000,15,1728,1000,15,12.0,4
1000,15,1724,1000,15,8.0,3
1000,15,1722,1000,15,4.0,2
1000,15,1723,1000,15,6.0,1
1000,15,1727,1000,15,11.0,1
1000,21,1734,1000,21,10.0,40
1000,21,1733,1000,21,9.0,15
1000,21,1735,1000,21,12.0,15
1000,21,1730,1000,21,4.0,8
1000,21,1732,1000,21,8.0,8
1000,21,1731,1000,21,6.0,3
1000,21,1729,1000,21,0.0,2
1000,22,1739,1000,22,10.0,15
1000,22,1738,1000,22,9.0,5
1000,22,1737,1000,22,8.0,4
1000,22,1736,1000,22,5.0,1
1000,22,1740,1000,22,11.0,1
1000,23,1744,1000,23,6.0,34
1000,23,1743,1000,23,5.0,30
1000,23,1746,1000,23,8.0,21
1000,23,1745,1000,23,7.0,14
1000,23,1748,1000,23,10.0,12
1000,23,1747,1000,23,9.0,6
1000,23,1741,1000,23,0.0,5
1000,23,1742,1000,23,1.0,2
1000,23,1749,1000,23,12.0,2
1000,31,1756,1000,31,9.0,109
1000,31,1757,1000,31,10.0,80
1000,31,1755,1000,31,8.0,43
1000,31,1752,1000,31,4.0,34
1000,31,1750,1000,31,0.0,19
1000,31,1759,1000,31,12.0,13
1000,31,1754,1000,31,6.0,9
1000,31,1751,1000,31,1.0,5
1000,31,1758,1000,31,11.0,4
1000,31,1753,1000,31,5.0,1
1000,32,1766,1000,32,10.0,75
1000,32,1765,1000,32,9.0,63
1000,32,1768,1000,32,12.0,9
1000,32,1762,1000,32,4.0,7
1000,32,1763,1000,32,6.0,7
1000,32,1764,1000,32,8.0,7
1000,32,1760,1000,32,0.0,5
1000,32,1761,1000,32,1.0,3
1000,32,1767,1000,32,11.0,1
1000,33,1776,1000,33,10.0,49
1000,33,1774,1000,33,8.0,29
1000,33,1775,1000,33,9.0,28
1000,33,1771,1000,33,4.0,14
1000,33,1778,1000,33,12.0,10
1000,33,1773,1000,33,6.0,6
1000,33,1769,1000,33,0.0,4
1000,33,1777,1000,33,11.0,4
1000,33,1770,1000,33,1.0,2
1000,33,1772,1000,33,5.0,1
1000,34,1783,1000,34,10.0,34
1000,34,1785,1000,34,12.0,11
1000,34,1782,1000,34,9.0,9
1000,34,1780,1000,34,4.0,6
1000,34,1779,1000,34,0.0,5
1000,34,1781,1000,34,8.0,3
1000,34,1784,1000,34,11.0,2
1000,35,1790,1000,35,10.0,34
1000,35,1787,1000,35,4.0,6
1000,35,1792,1000,35,12.0,5
1000,35,1788,1000,35,8.0,4
1000,35,1791,1000,35,11.0,3
1000,35,1786,1000,35,0.0,2
1000,35,1789,1000,35,9.0,2
1000,36,1798,1000,36,10.0,13
1000,36,1793,1000,36,0.0,3
1000,36,1797,1000,36,9.0,3
1000,36,1799,1000,36,11.0,3
1000,36,1796,1000,36,8.0,2
1000,36,1800,1000,36,12.0,2
1000,36,1794,1000,36,1.0,1
1000,36,1795,1000,36,4.0,1
1000,37,1809,1000,37,10.0,91
1000,37,1808,1000,37,9.0,23
1000,37,1807,1000,37,8.0,11
1000,37,1811,1000,37,12.0,10
1000,37,1805,1000,37,6.0,7
1000,37,1810,1000,37,11.0,4
1000,37,1801,1000,37,0.0,3
1000,37,1803,1000,37,4.0,3
1000,37,1802,1000,37,1.0,2
1000,37,1804,1000,37,5.0,2
1000,37,1806,1000,37,7.0,1
1000,41,1818,1000,41,10.0,230
1000,41,1817,1000,41,9.0,12
1000,41,1816,1000,41,8.0,8
1000,41,1820,1000,41,12.0,7
1000,41,1819,1000,41,11.0,5
1000,41,1814,1000,41,4.0,3
1000,41,1815,1000,41,6.0,2
1000,41,1812,1000,41,0.0,1
1000,41,1813,1000,41,1.0,1
1000,42,1826,1000,42,9.0,33
1000,42,1827,1000,42,10.0,21
1000,42,1829,1000,42,12.0,6
1000,42,1823,1000,42,5.0,4
1000,42,1828,1000,42,11.0,4
1000,42,1825,1000,42,8.0,3
1000,42,1821,1000,42,0.0,1
1000,42,1822,1000,42,4.0,1
1000,42,1824,1000,42,7.0,1
1000,43,1834,1000,43,9.0,18
1000,43,1835,1000,43,10.0,15
1000,43,1833,1000,43,8.0,4
1000,43,1837,1000,43,12.0,4
1000,43,1832,1000,43,4.0,3
1000,43,1830,1000,43,0.0,2
1000,43,1831,1000,43,1.0,2
1000,43,1836,1000,43,11.0,1
1000,44,1846,1000,44,10.0,119
1000,44,1845,1000,44,9.0,97
1000,44,1844,1000,44,8.0,85
1000,44,1840,1000,44,4.0,41
1000,44,1838,1000,44,0.0,27
1000,44,1848,1000,44,12.0,12
1000,44,1839,1000,44,1.0,7
1000,44,1842,1000,44,6.0,6
1000,44,1847,1000,44,11.0,5
1000,44,1843,1000,44,7.0,3
1000,44,1841,1000,44,5.0,1
1000,45,1852,1000,45,10.0,15
1000,45,1851,1000,45,9.0,9
1000,45,1849,1000,45,4.0,2
1000,45,1853,1000,45,11.0,2
1000,45,1854,1000,45,12.0,2
1000,45,1850,1000,45,8.0,1
1000,46,1856,1000,46,9.0,7
1000,46,1855,1000,46,4.0,3
1000,46,1857,1000,46,10.0,2
1000,46,1858,1000,46,12.0,1
1000,50,1865,1000,50,10.0,28
1000,50,1864,1000,50,9.0,14
1000,50,1860,1000,50,4.0,10
1000,50,1867,1000,50,12.0,6
1000,50,1863,1000,50,8.0,5
1000,50,1866,1000,50,11.0,3
1000,50,1862,1000,50,6.0,2
1000,50,1859,1000,50,0.0,1
1000,50,1861,1000,50,5.0,1
1000,51,1874,1000,51,10.0,47
1000,51,1873,1000,51,9.0,19
1000,51,1876,1000,51,12.0,13
1000,51,1870,1000,51,4.0,7
1000,51,1875,1000,51,11.0,6
1000,51,1872,1000,51,8.0,4
1000,51,1868,1000,51,0.0,1
1000,51,1869,1000,51,1.0,1
1000,51,1871,1000,51,6.0,1
1000,52,1881,1000,52,10.0,7
1000,52,1879,1000,52,8.0,5
1000,52,1877,1000,52,0.0,1
1000,52,1878,1000,52,4.0,1
1000,52,1880,1000,52,9.0,1
1000,52,1882,1000,52,11.0,1
1000,52,1883,1000,52,12.0,1
1000,53,1889,1000,53,10.0,16
1000,53,1888,1000,53,9.0,13
1000,53,1891,1000,53,12.0,4
1000,53,1885,1000,53,4.0,3
1000,53,1886,1000,53,6.0,2
1000,53,1887,1000,53,8.0,2
1000,53,1884,1000,53,0.0,1
1000,53,1890,1000,53,11.0,1
1000,54,1894,1000,54,9.0,2
1000,54,1892,1000,54,5.0,1
1000,54,1893,1000,54,8.0,1
1000,54,1895,1000,54,12.0,1
1000,61,1901,1000,61,10.0,37
1000,61,1900,1000,61,9.0,9
1000,61,1899,1000,61,8.0,8
1000,61,1902,1000,61,12.0,7
1000,61,1896,1000,61,0.0,2
1000,61,1897,1000,61,1.0,1
1000,61,1898,1000,61,4.0,1
1000,62,1904,1000,62,9.0,3
1000,62,1905,1000,62,10.0,3
1000,62,1906,1000,62,12.0,3
1000,62,1903,1000,62,8.0,1
1000,63,1908,1000,63,10.0,4
1000,63,1907,1000,63,1.0,1
1000,64,1909,1000,64,10.0,3
1000,65,1914,1000,65,10.0,5
1000,65,1911,1000,65,4.0,2
1000,65,1910,1000,65,1.0,1
1000,65,1912,1000,65,8.0,1
1000,65,1913,1000,65,9.0,1
1000,65,1915,1000,65,11.0,1
1000,71,1919,1000,71,10.0,2
1000,71,1916,1000,71,0.0,1
1000,71,1917,1000,71,6.0,1
1000,71,1918,1000,71,9.0,1
1000,81,1928,1000,81,10.0,10
1000,81,1927,1000,81,9.0,5
1000,81,1926,1000,81,8.0,4
1000,81,1925,1000,81,7.0,3
1000,81,1922,1000,81,4.0,2
1000,81,1923,1000,81,5.0,2
1000,81,1920,1000,81,0.0,1
1000,81,1921,1000,81,1.0,1
1000,81,1924,1000,81,6.0,1
1000,82,1929,1000,82,0.0,3
1000,82,1931,1000,82,4.0,3
1000,82,1932,1000,82,10.0,3
1000,82,1930,1000,82,1.0,1
1000,82,1933,1000,82,12.0,1
1000,100,1942,1000,100,10.0,681
1000,100,1941,1000,100,9.0,567
1000,100,1940,1000,100,8.0,177
1000,100,1944,1000,100,12.0,129
1000,100,1936,1000,100,4.0,109
1000,100,1934,1000,100,0.0,95
1000,100,1938,1000,100,6.0,83
1000,100,1943,1000,100,11.0,44
1000,100,1935,1000,100,1.0,13
1000,100,1937,1000,100,5.0,8
1000,100,1939,1000,100,7.0,5
1000,400,1953,1000,400,10.0,109
1000,400,1952,1000,400,9.0,97
1000,400,1947,1000,400,4.0,30
1000,400,1951,1000,400,8.0,28
1000,400,1949,1000,400,6.0,13
1000,400,1945,1000,400,0.0,12
1000,400,1954,1000,400,11.0,12
1000,400,1955,1000,400,12.0,7
1000,400,1946,1000,400,1.0,5
1000,400,1950,1000,400,7.0,5
1000,400,1948,1000,400,5.0,2
,,1961,,,10.0,20
,,1960,,,9.0,9
,,1959,,,8.0,7
,,1957,,,4.0,2
,,1963,,,12.0,2
,,1956,,,1.0,1
,,1958,,,6.0,1
,,1962,,,11.0,1
